query_norm,query_raw,brand,click_brand,label_id,label_reason,confidence,sample_weight,n_clicks,n_brands,brand_in_query,has_alias,is_category_only,tier,runner_up,weight_margin
стиральная машина узкая midea mf100w70 bs s,Стиральная машина узкая Midea MF100W70BS/S,Midea,Midea,42,brand_in_query,1.0,1.0,1,1,True,False,False,high,,1.0
сплит система кондиционер lg pc09 sqr белый до 25 м инвертор,"Сплит система кондиционер LG PC09SQR ,белый ( до 25 м), инвертор",LG,LG,38,brand_in_query,1.0,1.0,1,1,True,False,False,high,,1.0
philips с триммером,philips с триммером,Philips,Philips,46,brand_in_query,1.0,1.0,1,1,True,False,False,high,,1.0
dyson v15 detect absolute,dyson v15 detect absolute,Dyson,Dyson,20,brand_in_query,1.0,1.0,1,1,True,False,False,high,,1.0
индукционная варочная панель bosch pug611aa5 e 60 см 4 конфорки стеклокерамика черный,"Индукционная варочная панель BOSCH PUG611AA5E, 60 см, 4 конфорки, стеклокерамика, черный",Bosch,Bosch,9,brand_in_query,1.0,1.0,1,1,True,False,False,high,,1.0
samsung a 36,samsung a 36,Samsung,Samsung,52,alias_hint,1.0,1.0,1,1,True,True,False,high,,1.0
планшет huawei matepad 11 5 s 2026 12 512,планшет huawei matepad 11 5s 2026 12 512,HUAWEI,HUAWEI,26,alias_hint,1.0,1.0,1,1,True,True,False,high,,1.0
пылесос вертикальный хьсиами,пылесос вертикальный хьсиами,NO_BRAND,Xiaomi,65,category_only,1.0,1.0,1,1,False,False,True,special,,1.0
микрофон петличный dji,микрофон петличный dji,NO_BRAND,DJI,65,category_only,1.0,1.0,1,1,True,False,True,special,,1.0
вертикальный пылесос моющий tefal x clean 4 gf5035f0 серый,Вертикальный пылесос моющий Tefal X-Clean 4 GF5035F0  серый,Tefal,Tefal,59,brand_in_query,1.0,1.0,1,1,True,False,False,high,,1.0
xолодильник с морозильником indesit ds 3160 w белый,Холодильник с морозильником   Indesit DS 3160 W белый,Indesit,Indesit,30,brand_in_query,1.0,1.0,1,1,True,False,False,high,,1.0
usb разветвитель,usb разветвитель,NO_BRAND,Baseus,65,category_only,0.6044535820647327,1.0,8,7,False,False,True,special,Hoco,0.48572162844487443
кастрюля taller,кастрюля taller,TalleR,TalleR,57,brand_in_query,1.0,1.0,1,1,True,False,False,high,,1.0
наушники беспроводные,наушники беспроводные,NO_BRAND,Rock,65,category_only,0.11857281619201941,1.0,1379,74,False,False,True,special,HUAWEI,0.008167520884679478
uwant,uwant,UNKNOWN,UWANT,66,ood_brand_surface,1.0,0.9,3,1,True,False,False,special,,1.0
dreame d30 ultra,dreame d30 ultra,Dreame,Dreame,19,brand_in_query,1.0,1.0,1,1,True,False,False,high,,1.0
стол кухонный круглый,стол кухонный круглый,NO_BRAND,Stool Group,65,category_only,1.0,1.0,2,1,False,False,True,special,,1.0
пылесос самсунг vcc4520s36-xev,Пылесос самсунг vcc4520s36-xev,Samsung,Samsung,52,alias_hint,1.0,1.0,1,1,True,True,False,high,,1.0
чехол для наушников airpods pro,чехол для наушников airpods pro,Apple,Prime Line,2,alias_hint,1.0,1.0,1,1,False,True,False,high,,1.0
bosch кофемолка электрическая tsm6a013 b,Bosch Кофемолка электрическая TSM6A013B,Bosch,Bosch,9,brand_in_query,1.0,1.0,2,1,True,False,False,high,,1.0
холодильник двухкамерный haier,холодильник двухкамерный haier,Haier,Haier,27,alias_hint,1.0,1.0,1,1,True,True,False,high,,1.0
hotpoint fe9 1231 js blg,Hotpoint FE9 1231 JS BLG,UNKNOWN,Hotpoint,66,ood_brand_surface,1.0,0.9,1,1,True,False,False,special,,1.0
моющий пылесос томас f,моющий пылесос томас f,NO_BRAND,Thomas,65,category_only,1.0,1.0,1,1,False,False,True,special,,1.0
realme с75,Realme С75,realme,realme,63,brand_in_query,1.0,1.0,2,1,True,False,False,high,,1.0
ноутбук huawei matebook d 16 2024 mclf x,Ноутбук HUAWEI MateBook D 16 2024 MCLF-X,HUAWEI,HUAWEI,26,alias_hint,1.0,1.0,1,1,True,True,False,high,,1.0
смарт-часы samsung galaxy watch8 classic 46 mm,Смарт-часы Samsung Galaxy Watch8 Classic 46mm,Samsung,Samsung,52,alias_hint,1.0,1.0,1,1,True,True,False,high,,1.0
gx53,gx53,UNKNOWN,Яндекс,66,ambiguous_clicks,0.444743935309973,0.9,5,3,False,False,False,special,Gauss,0.024258760107816732
тв антенна активная комнатная с усилителем,тв антенна активная комнатная с усилителем,UNKNOWN,Rexant,66,ambiguous_clicks,0.43478169821176105,0.9,13,5,False,False,False,special,Denn,0.08505499751974105
mac book air,Mac book air,NO_BRAND,Apple,65,category_only,1.0,1.0,4,1,False,False,True,special,,1.0
philips series 1200 ep1220,Philips Series 1200 (EP1220),Philips,Philips,46,brand_in_query,1.0,1.0,1,1,True,False,False,high,,1.0
чехол для планшета huawei matepad,чехол для планшета huawei matepad,HUAWEI,HUAWEI,26,alias_hint,1.0,1.0,1,1,True,True,False,high,,1.0
диван comfo,диван comfo,UNKNOWN,COMFO,66,ood_brand_surface,1.0,0.9,1,1,True,False,False,special,,1.0
24 телевизор hi ht-24h01 fb 1366x768 usb hdmi dv3 черный,"24"" Телевизор Hi HT-24H01FB, 1366x768, USB, HDMI, DV3, черный",Hi,Hi,28,brand_in_query,1.0,1.0,1,1,True,False,False,high,,1.0
салфетки для робота-мойщика atvel zorro z4 8 шт.,"Салфетки для робота-мойщика Atvel Zorro Z4, 8 шт.",Atvel,Atvel,4,brand_in_query,1.0,1.0,1,1,True,False,False,high,,1.0
гельгель для стирки wonder lab для стирки,гельГель для стирки WONDER LAB  для стирки,UNKNOWN,WONDER LAB,66,ood_brand_surface,1.0,0.9,1,1,True,False,False,special,,1.0
epson l3151,Epson L3151,UNKNOWN,Epson,66,ood_brand_surface,1.0,0.9,1,1,True,False,False,special,,1.0
haier 50 smart s4,haier 50 smart s4,Haier,Haier,27,alias_hint,1.0,1.0,1,1,True,True,False,high,,1.0
встроенные холодильники,встроенные холодильники,NO_BRAND,Gorenje,65,category_only,0.3146943134679457,1.0,46,19,False,False,True,special,Haier,0.17542072216143803
телефоны мобильные кнопочные,телефоны мобильные кнопочные,NO_BRAND,BQ,65,category_only,1.0,1.0,1,1,False,False,True,special,,1.0
lg f1296hds3,LG F1296HDS3,LG,LG,38,brand_in_query,1.0,1.0,2,1,True,False,False,high,,1.0
стол садовый глайдер,стол садовый глайдер,NO_BRAND,Фотон,65,category_only,1.0,1.0,1,1,False,False,True,special,,1.0
аккумуляторы,аккумуляторы,NO_BRAND,Mirex,65,category_only,1.0,1.0,1,1,False,False,True,special,,1.0
самсунг s23 ультра 256 гб,самсунг s23 ультра 256 гб,Samsung,Samsung,52,alias_hint,1.0,1.0,1,1,True,True,False,high,,1.0
блендер kitfort,блендер kitfort,Kitfort,Kitfort,35,alias_hint,1.0,1.0,1,1,True,True,False,high,,1.0
кондиционер haier as25hpl2 hra coral dc,Кондиционер HAIER AS25HPL2HRA (CORAL DC,Haier,Haier,27,alias_hint,1.0,1.0,1,1,True,True,False,high,,1.0
xiaomi smart camera c 302,Xiaomi smart camera c 302,Xiaomi,Xiaomi,62,alias_hint,1.0,1.0,1,1,True,True,False,high,,1.0
стиральная машина aeg,стиральная машина aeg,NO_BRAND,AEG,65,category_only,1.0,1.0,6,1,True,False,True,special,,1.0
haier 12929,haier 12929,Haier,Haier,27,alias_hint,1.0,1.0,1,1,True,True,False,high,,1.0
гриль электрический,Гриль электрический,NO_BRAND,Zigmund & Shtain,65,category_only,0.5,1.0,2,2,False,False,True,special,STONBERG,0.0
беспроводная акустика bbk bta2010,Беспроводная акустика BBK BTA2010,UNKNOWN,BBK,66,ood_brand_surface,1.0,0.9,1,1,True,False,False,special,,1.0
телевизоры samsung 43,телевизоры samsung 43,Samsung,Samsung,52,alias_hint,0.9966042329789632,0.9966042329789632,50,2,True,True,False,high,SAMSUNG,0.9932084659579264
стиральная машина lg f1296nds1,Стиральная машина LG F1296NDS1,LG,LG,38,brand_in_query,1.0,1.0,1,1,True,False,False,high,,1.0
hisense 65e7 q,Hisense 65E7Q,Hisense,Hisense,29,brand_in_query,1.0,1.0,1,1,True,False,False,high,,1.0
сплит система электролюкс инверторный,сплит система Электролюкс инверторный,NO_BRAND,Electrolux,65,category_only,1.0,1.0,1,1,False,False,True,special,,1.0
процессор intel core i7-14700 k oem,Процессор Intel Core i7-14700K OEM,UNKNOWN,Intel,66,ood_brand_surface,1.0,0.9,1,1,True,False,False,special,,1.0
кофе в зернах carraro prime wattico 1 кг,кофе в зернах carraro prime wattico 1 кг,UNKNOWN,Carraro,66,ood_brand_surface,1.0,0.9,1,1,True,False,False,special,,1.0
пылесос ручной handstick tefal animal x pert 7 60 ty6a75 wo,пылесос ручной handstick tefal animal x pert 7 60 ty6a75wo,Tefal,Tefal,59,brand_in_query,1.0,1.0,1,1,True,False,False,high,,1.0
пылесос ручной handstick samsung bespoke jet complete,Пылесос ручной (handstick) Samsung Bespoke Jet Complete,Samsung,Samsung,52,alias_hint,1.0,1.0,1,1,True,True,False,high,,1.0
dji action 6,dji action 6,UNKNOWN,DJI,66,ood_brand_surface,1.0,0.9,1,1,True,False,False,special,,1.0
huawei watch kids,huawei watch kids,HUAWEI,HUAWEI,26,alias_hint,1.0,1.0,4,1,True,True,False,high,,1.0
наушники apple airpods 4 mxp63,наушники apple airpods 4 mxp63,Apple,Apple,2,alias_hint,1.0,1.0,2,1,True,True,False,high,,1.0
iphone 15 128 восстановленный,iphone 15 128 восстановленный,Apple,Apple,2,alias_hint,1.0,1.0,1,1,True,True,False,high,,1.0
вентилятор колонный греющий,вентилятор колонный греющий,NO_BRAND,Brayer,65,category_only,1.0,1.0,1,1,False,False,True,special,,1.0
poco m 8,Poco m 8,Xiaomi,POCO,62,alias_hint,1.0,1.0,1,1,True,True,False,high,,1.0
компьютерный стул игровой артопедический,компьютерный стул игровой артопедический,NO_BRAND,Cougar,65,category_only,1.0,1.0,1,1,False,False,True,special,,1.0
iqoo z11,Iqoo z11,UNKNOWN,iQOO,66,ood_brand_surface,1.0,0.9,3,1,True,False,False,special,,1.0
восстановленный смартфон tecno,восстановленный смартфон Tecno,NO_BRAND,Tecno,65,category_only,1.0,1.0,1,1,True,False,True,special,,1.0
ультразвуковая зубная щетка,ультразвуковая зубная щетка,NO_BRAND,D.Fresh,65,category_only,0.4066675314567389,1.0,5,5,False,False,True,special,ORDO,0.13555584381891297
полуавтоматическая стиральная машина,полуавтоматическая стиральная машина,NO_BRAND,NR,65,category_only,1.0,1.0,1,1,False,False,True,special,,1.0
смартфон техно нова,смартфон техно нова,NO_BRAND,Tecno,65,category_only,1.0,1.0,1,1,False,False,True,special,,1.0
стул-кресло офисный topchairs,Стул-кресло офисный TopChairs,UNKNOWN,TopChairs,66,ood_brand_surface,1.0,0.9,1,1,True,False,False,special,,1.0
машины стиральные канди,машины стиральные канди,NO_BRAND,Candy,65,category_only,1.0,1.0,1,1,False,False,True,special,,1.0
xiaomi redmi 15,xiaomi redmi 15,Xiaomi,Xiaomi,62,alias_hint,1.0,1.0,11,1,True,True,False,high,,1.0
ехол для планшетного компьютера samsung galaxy tab s9 fe,ехол для планшетного компьютера Samsung Galaxy Tab S9 FE,Samsung,Samsung,52,alias_hint,1.0,1.0,1,1,True,True,False,high,,1.0
apple iphone 17 air,apple iphone 17 air,Apple,Apple,2,alias_hint,1.0,1.0,8,1,True,True,False,high,,1.0
tefal ingenio emotion l896sd04,Tefal Ingenio Emotion L896SD04,Tefal,Tefal,59,brand_in_query,1.0,1.0,1,1,True,False,False,high,,1.0
ноутбук huawei matebook d 16 mclg x i5 16 1 tb dos space gray 30072072,Ноутбук HUAWEI MateBook D 16 MCLG-X i5/16/1TB DOS Space Gray (30072072),HUAWEI,HUAWEI,26,alias_hint,1.0,1.0,1,1,True,True,False,high,,1.0
утюги с парогенератором rowenta,утюги с парогенератором rowenta,Rowenta,Rowenta,51,brand_in_query,1.0,1.0,1,1,True,False,False,high,,1.0
зарядное устройство apple,зарядное устройство apple,NO_BRAND,Apple,65,category_only,0.992365311287707,1.0,23,2,True,False,True,special,Keephone,0.9847306225754141
iphone 17 e,iphone 17e,Apple,Apple,2,alias_hint,1.0,1.0,44,1,True,True,False,high,,1.0
морозильный шкаф вертикальный индезит,морозильный шкаф вертикальный индезит,NO_BRAND,Indesit,65,category_only,1.0,1.0,1,1,False,False,True,special,,1.0
картридж для принтера canon,картридж для принтера canon,Canon,Canon,13,brand_in_query,0.9487179487179488,0.9487179487179488,2,2,True,False,False,high,T2,0.8974358974358976
внутренний hdd,внутренний hdd,NO_BRAND,Seagate,65,category_only,1.0,1.0,1,1,False,False,True,special,,1.0
iphone 15 розовый,iphone 15 розовый,Apple,Apple,2,alias_hint,1.0,1.0,2,1,True,True,False,high,,1.0
планшет samsung galaxy tab a11 wifi 8 128 gb,Планшет Samsung Galaxy Tab A11 WIFI 8/128GB,Samsung,Samsung,52,alias_hint,1.0,1.0,1,1,True,True,False,high,,1.0
телефон samsung а 54,телефон samsung а 54,Samsung,Samsung,52,alias_hint,1.0,1.0,1,1,True,True,False,high,,1.0
huawei matepad pro 12 2,huawei matepad pro 12 2,HUAWEI,HUAWEI,26,alias_hint,1.0,1.0,3,1,True,True,False,high,,1.0
sony xr-65x90 l,Sony XR-65X90L,Sony,Sony,55,brand_in_query,1.0,1.0,1,1,True,False,False,high,,1.0
самсунг смарт тв,Самсунг смарт тв,Samsung,Samsung,52,alias_hint,1.0,1.0,1,1,True,True,False,high,,1.0
телефон айфон 16 новый,телефон айфон 16 новый,Apple,Apple,2,alias_hint,1.0,1.0,1,1,True,True,False,high,,1.0
ipad 11 2025 256,ipad 11 2025 256,Apple,Apple,2,alias_hint,1.0,1.0,12,1,True,True,False,high,,1.0
холодильники двухкамерные nofrost узкий,холодильники двухкамерные nofrost узкий,NO_BRAND,Gorenje,65,category_only,1.0,1.0,3,1,False,False,True,special,,1.0
vivo 300,vivo 300,UNKNOWN,VIVO,66,ood_brand_surface,1.0,0.9,1,1,True,False,False,special,,1.0
газонокосилка dreame,газонокосилка dreame,Dreame,Dreame,19,brand_in_query,1.0,1.0,2,1,True,False,False,high,,1.0
встраиваемый электрический духовой шкаф maunfeld,встраиваемый электрический духовой шкаф maunfeld,Maunfeld,Maunfeld,41,brand_in_query,1.0,1.0,3,1,True,False,False,high,,1.0
iphone 16 pro 256 новый,iphone 16 pro 256 новый,Apple,Apple,2,alias_hint,1.0,1.0,2,1,True,True,False,high,,1.0
gorenje nrk6192axl4,GORENJE NRK6192AXL4,Gorenje,Gorenje,23,brand_in_query,1.0,1.0,1,1,True,False,False,high,,1.0
стиральная машинка gorenje с баком,стиральная машинка gorenje с баком,Gorenje,Gorenje,23,brand_in_query,1.0,1.0,1,1,True,False,False,high,,1.0
стиральная машина haier hw50-bp1026 инструкция,стиральная машина haier hw50-bp1026 инструкция,Haier,Haier,27,alias_hint,1.0,1.0,1,1,True,True,False,high,,1.0
iphone 16 про макс восстановленный,iphone 16 про макс восстановленный,Apple,Apple,2,alias_hint,1.0,1.0,4,1,True,True,False,high,,1.0
холодильники gorenje nrk41814w4 i,холодильники gorenje nrk41814w4i,Gorenje,Gorenje,23,brand_in_query,1.0,1.0,2,1,True,False,False,high,,1.0
macbook air 15 16 512 gb,macbook air 15 16/512GB,Apple,Apple,2,alias_hint,1.0,1.0,1,1,True,True,False,high,,1.0
tcl x11,tcl x11,TCL,TCL,56,brand_in_query,1.0,1.0,2,1,True,False,False,high,,1.0
кион мтс premium,кион мтс premium,UNKNOWN,КИОН,66,ood_brand_surface,1.0,0.9,1,1,True,False,False,special,,1.0
капельная,капельная,NO_BRAND,Goodhelper,65,category_only,1.0,1.0,1,1,False,False,True,special,,1.0
мфу цветной canon pixma 3430,мфу цветной canon Pixma 3430,Canon,Canon,13,brand_in_query,1.0,1.0,1,1,True,False,False,high,,1.0
вентилятор напольный scarlett,Вентилятор напольный Scarlett,NO_BRAND,Scarlett,65,category_only,1.0,1.0,1,1,True,False,True,special,,1.0
стиральная машинка cundi,стиральная машинка Cundi,NO_BRAND,Candy,65,category_only,1.0,1.0,1,1,False,False,True,special,,1.0
карта оплаты apple россия,Карта оплаты apple россия,Apple,Apple,2,brand_in_query,1.0,1.0,1,1,True,False,False,high,,1.0
морозильная камера pozis,морозильная камера pozis,NO_BRAND,Pozis,65,category_only,1.0,1.0,6,1,True,False,True,special,,1.0
стиральная машинка маленькая,стиральная машинка маленькая,NO_BRAND,Optima,65,category_only,0.4382239629330978,1.0,5,5,False,False,True,special,Willmark,0.2191119814665489
вентилятор смарт,вентилятор смарт,NO_BRAND,Mi,65,category_only,1.0,1.0,1,1,False,False,True,special,,1.0
сплит-система tcl,сплит-система tcl,NO_BRAND,TCL,65,category_only,1.0,1.0,1,1,True,False,True,special,,1.0
встраиваемая стиральная машина korting,Встраиваемая стиральная машина KORTING,NO_BRAND,Korting,65,category_only,1.0,1.0,1,1,True,False,True,special,,1.0
вертикальный беспроводной пылесос haier,вертикальный беспроводной пылесос haier,Haier,Haier,27,alias_hint,1.0,1.0,3,1,True,True,False,high,,1.0
мини вафельница,мини вафельница,NO_BRAND,GFGRIL,65,category_only,1.0,1.0,1,1,False,False,True,special,,1.0
xiaomi power bank,xiaomi power bank,Xiaomi,Xiaomi,62,alias_hint,1.0,1.0,1,1,True,True,False,high,,1.0
вертикальные dreame r10 s,вертикальные dreame r10s,Dreame,Dreame,19,brand_in_query,1.0,1.0,1,1,True,False,False,high,,1.0
электрический чайник polaris pwk 1753 cgl стеклянный с подсветкой белый-черный,"Электрический чайник Polaris PWK 1753CGL стеклянный, с подсветкой, белый-черный",Polaris,Polaris,48,brand_in_query,1.0,1.0,1,1,True,False,False,high,,1.0
ballu bsep-09hn8,Ballu BSEP-09HN8,Ballu,Ballu,6,brand_in_query,1.0,1.0,1,1,True,False,False,high,,1.0
стиральная машинка hisense узкая,стиральная машинка Hisense узкая,NO_BRAND,Hisense,65,category_only,1.0,1.0,1,1,True,False,True,special,,1.0
apple ipad air 2025,Apple iPad Air  2025,Apple,Apple,2,alias_hint,1.0,1.0,1,1,True,True,False,high,,1.0
philips s5898 35,Philips S5898/35,Philips,Philips,46,brand_in_query,1.0,1.0,1,1,True,False,False,high,,1.0
kugoo m4,kugoo m4,UNKNOWN,Kugoo,66,ood_brand_surface,1.0,0.9,2,1,True,False,False,special,,1.0
карта,Карта,NO_BRAND,Apple,65,category_only,1.0,1.0,1,1,False,False,True,special,,1.0
смартфон tecno spark,смартфон tecno spark,Tecno,Tecno,58,brand_in_query,0.6528444933155854,0.6528444933155854,4,2,True,False,False,medium,TECNO,0.3056889866311708
увлажнитель очиститель воздуха панасоник,увлажнитель очиститель воздуха панасоник,NO_BRAND,Panasonic,65,category_only,1.0,1.0,1,1,False,False,True,special,,1.0
чехол на самсунг гелакси таб,чехол на самсунг гелакси таб,Samsung,DF,52,alias_hint,1.0,1.0,1,1,False,True,False,high,,1.0
фитнес браслеты xiaomi mi band 11,фитнес браслеты xiaomi mi band 11,Xiaomi,Xiaomi,62,alias_hint,1.0,1.0,1,1,True,True,False,high,,1.0
блок на iphone 40,Блок на iphone 40,Apple,Apple,2,alias_hint,1.0,1.0,1,1,True,True,False,high,,1.0
комбинированная газовая плита gorenje с электрической духовкой 60,комбинированная газовая плита gorenje с электрической духовкой 60,Gorenje,Gorenje,23,brand_in_query,1.0,1.0,1,1,True,False,False,high,,1.0
стинол 200,стинол 200,UNKNOWN,Стинол,66,ood_brand_surface,1.0,0.9,1,1,True,False,False,special,,1.0
samsung odyssey g5 g50 f,Samsung Odyssey G5 G50F,Samsung,Samsung,52,alias_hint,1.0,1.0,1,1,True,True,False,high,,1.0
thermex if 50 v pro,thermex if 50 v pro,UNKNOWN,Thermex,66,ood_brand_surface,1.0,0.9,1,1,True,False,False,special,,1.0
телевизор xiaomi 55 mini led,телевизор xiaomi 55 mini led,Xiaomi,Xiaomi,62,alias_hint,1.0,1.0,1,1,True,True,False,high,,1.0
realme 16 pro 5 g,realme 16 pro 5g,realme,realme,63,brand_in_query,1.0,1.0,1,1,True,False,False,high,,1.0
бюджетный смартфон андроид,Бюджетный Смартфон андроид,NO_BRAND,Infinix,65,category_only,1.0,1.0,1,1,False,False,True,special,,1.0
electrolux индукционная,Electrolux индукционная,Electrolux,Electrolux,21,brand_in_query,1.0,1.0,1,1,True,False,False,high,,1.0
наушники samsung buds4,наушники samsung buds4,Samsung,Samsung,52,alias_hint,1.0,1.0,1,1,True,True,False,high,,1.0
deppa nrg turbo v3,deppa nrg turbo v3,Deppa,Deppa,18,brand_in_query,1.0,1.0,2,1,True,False,False,high,,1.0
ipad про 11,ipad про 11,Apple,Apple,2,alias_hint,1.0,1.0,1,1,True,True,False,high,,1.0
вытяжка korting khp 6637 gnx gwx,вытяжка korting KHP 6637 GNX/GWX,UNKNOWN,Korting,66,ood_brand_surface,1.0,0.9,1,1,True,False,False,special,,1.0
холодильники автомобильный,холодильники автомобильный,NO_BRAND,Coolfort,65,category_only,1.0,1.0,1,1,False,False,True,special,,1.0
телевизор смарт тв,телевизор смарт тв,NO_BRAND,Смарт ТВ,65,category_only,0.3471917859447312,1.0,54,19,True,False,True,special,Haier,0.24552030368111327
realme buds 7 pro,realme buds 7 pro,realme,realme,63,brand_in_query,1.0,1.0,1,1,True,False,False,high,,1.0
принтер лазерный цветной canon,принтер лазерный цветной canon,NO_BRAND,Canon,65,category_only,1.0,1.0,1,1,True,False,True,special,,1.0
magsafe baseus picogo am41,magsafe baseus picogo am41,Baseus,Baseus,7,brand_in_query,1.0,1.0,1,1,True,False,False,high,,1.0
xiaomi mi band 7,Xiaomi Mi Band 7,Xiaomi,SONDER,62,alias_hint,1.0,1.0,1,1,False,True,False,high,,1.0
встраиваемый холодильник haier hbcn7190u1,Встраиваемый холодильник HAIER HBCN7190U1,Haier,Haier,27,alias_hint,1.0,1.0,2,1,True,True,False,high,,1.0
стул складной,стул складной,UNKNOWN,NOSTRESS,66,ambiguous_clicks,0.36666666666666664,0.9,3,3,False,False,False,special,Stool Group,0.0
стиральная машинка lg 1400,стиральная машинка lg 1400,LG,LG,38,brand_in_query,1.0,1.0,1,1,True,False,False,high,,1.0
стол игровой,стол игровой,NO_BRAND,PROSTO&UYUTNO,65,category_only,1.0,1.0,1,1,False,False,True,special,,1.0
samsung eo ic100,samsung eo ic100,Samsung,Samsung,52,alias_hint,1.0,1.0,1,1,True,True,False,high,,1.0
ксяоми стандинг фан 3,Ксяоми стандинг фан 3,Xiaomi,Xiaomi,62,alias_hint,1.0,1.0,1,1,True,True,False,high,,1.0
микроволновка toshiba,микроволновка toshiba,Toshiba,Toshiba,61,alias_hint,1.0,1.0,1,1,True,True,False,high,,1.0
iphone 14 256 гб,iphone 14 256 гб,Apple,Apple,2,alias_hint,0.5714285714285715,0.5714285714285715,2,2,True,True,False,medium,APPLE,0.14285714285714285
внутренний диск ssd apacer,Внутренний диск SSD Apacer,NO_BRAND,Apacer,65,category_only,1.0,1.0,1,1,True,False,True,special,,1.0
встраиваемый электрический духовой шкаф haier hox t08 amtb,Встраиваемый электрический духовой шкаф Haier HOX-T08AMTB,Haier,Haier,27,alias_hint,1.0,1.0,1,1,True,True,False,high,,1.0
наушники soundcore liberty,Наушники Soundcore liberty,UNKNOWN,Soundcore,66,ood_brand_surface,1.0,0.9,1,1,True,False,False,special,,1.0
samsung galaxy z flip 5,samsung galaxy z flip 5,Samsung,Samsung,52,alias_hint,1.0,1.0,3,1,True,True,False,high,,1.0
samsung galaxy a56 чехол,samsung galaxy a56 чехол,Samsung,Samsung,52,alias_hint,1.0,1.0,1,1,True,True,False,high,,1.0
телевизор яндекс с алисой 50 4 k,телевизор яндекс с алисой 50 4k,Яндекс,Яндекс,64,brand_in_query,1.0,1.0,1,1,True,False,False,high,,1.0
смартфон apple air,Смартфон Apple Air,NO_BRAND,Apple,65,category_only,1.0,1.0,1,1,True,False,True,special,,1.0
hisense classic city 2.0,Hisense classic city 2.0,Hisense,Hisense,29,brand_in_query,1.0,1.0,1,1,True,False,False,high,,1.0
смарт приставки,смарт приставки,NO_BRAND,UniDom,65,category_only,1.0,1.0,1,1,False,False,True,special,,1.0
samsung s26 ultra 256,samsung s26 ultra 256,Samsung,Samsung,52,alias_hint,1.0,1.0,9,1,True,True,False,high,,1.0
электрическая плита gorenje geit5c60 wpg,Электрическая плита Gorenje GEIT5C60WPG,Gorenje,Gorenje,23,brand_in_query,1.0,1.0,1,1,True,False,False,high,,1.0
смартфон tecno pova 6 pro 5 g,Смартфон Tecno Pova 6 Pro 5G,Tecno,Tecno,58,brand_in_query,1.0,1.0,1,1,True,False,False,high,,1.0
baseus metal,baseus metal,Baseus,Baseus,7,brand_in_query,1.0,1.0,1,1,True,False,False,high,,1.0
самсунг а56 фиолетовый,Самсунг а56 фиолетовый,Samsung,Samsung,52,alias_hint,1.0,1.0,1,1,True,True,False,high,,1.0
lg g5,lg g5,LG,LG,38,brand_in_query,1.0,1.0,3,1,True,False,False,high,,1.0
samsung с 26,samsung с 26,Samsung,Samsung,52,alias_hint,1.0,1.0,11,1,True,True,False,high,,1.0
lg f2y1hs3 w,LG F2Y1HS3W,LG,LG,38,brand_in_query,1.0,1.0,4,1,True,False,False,high,,1.0
haier hrf-541dm7 ru 38 дб,· Haier HRF-541DM7RU (38 дБ),Haier,Haier,27,alias_hint,1.0,1.0,1,1,True,True,False,high,,1.0
tcl p8 l,tcl p8l,TCL,TCL,56,brand_in_query,1.0,1.0,1,1,True,False,False,high,,1.0
ipad аир 13,ipad аир 13,Apple,Apple,2,alias_hint,1.0,1.0,1,1,True,True,False,high,,1.0
смартфоны samsung s 23,смартфоны samsung s 23,Samsung,Samsung,52,alias_hint,1.0,1.0,1,1,True,True,False,high,,1.0
утюги с парогенератором philips,утюги с парогенератором philips,Philips,Philips,46,brand_in_query,1.0,1.0,4,1,True,False,False,high,,1.0
переносная электронная плита,Переносная электронная плита,NO_BRAND,Caso,65,category_only,1.0,1.0,1,1,False,False,True,special,,1.0
sony mdr zx110 ap,Sony MDR-ZX110AP,Sony,Sony,55,brand_in_query,1.0,1.0,1,1,True,False,False,high,,1.0
infinix note 60 i,infinix note 60i,Infinix,Infinix,31,brand_in_query,1.0,1.0,1,1,True,False,False,high,,1.0
телевизор haier 43 smart tv s2 pro,телевизор haier 43 smart tv s2 pro,Haier,Haier,27,alias_hint,1.0,1.0,4,1,True,True,False,high,,1.0
huawei matepad12,Huawei matepad12,HUAWEI,HUAWEI,26,alias_hint,1.0,1.0,1,1,True,True,False,high,,1.0
ноутбуки apple,ноутбуки apple,Apple,Apple,2,brand_in_query,1.0,1.0,11,1,True,False,False,high,,1.0
смартфон samsung galaxy а 07,смартфон samsung galaxy а 07,Samsung,Samsung,52,alias_hint,1.0,1.0,1,1,True,True,False,high,,1.0
mesh система huawei mesh,mesh система huawei mesh,HUAWEI,HUAWEI,26,alias_hint,1.0,1.0,1,1,True,True,False,high,,1.0
тепловентилятор колонный,тепловентилятор колонный,NO_BRAND,Brayer,65,category_only,1.0,1.0,1,1,False,False,True,special,,1.0
морозильная камера наер,морозильная камера наер,NO_BRAND,Haier,65,category_only,1.0,1.0,1,1,False,False,True,special,,1.0
телевизоры lg 55,телевизоры lg 55,LG,LG,38,brand_in_query,1.0,1.0,2,1,True,False,False,high,,1.0
телефона samsung s26 ultra,телефона samsung s26 ultra,Samsung,Samsung,52,alias_hint,1.0,1.0,2,1,True,True,False,high,,1.0
steamone minilys,SteamOne MINILYS,UNKNOWN,SteamOne,66,ood_brand_surface,1.0,0.9,1,1,True,False,False,special,,1.0
huawei watch детские,huawei watch детские,HUAWEI,HUAWEI,26,alias_hint,1.0,1.0,1,1,True,True,False,high,,1.0
смартфон redmi,смартфон redmi,Xiaomi,Xiaomi Redmi,62,alias_hint,0.7572815533980582,0.7572815533980582,3,2,False,True,False,high,Xiaomi,0.5145631067961165
кабель type baseus,кабель type baseus,Baseus,Baseus,7,brand_in_query,1.0,1.0,1,1,True,False,False,high,,1.0
телефоны мобильные с поддержкой беспроводной зарядки сяоми,телефоны мобильные с поддержкой беспроводной зарядки сяоми,Xiaomi,Xiaomi,62,alias_hint,1.0,1.0,1,1,True,True,False,high,,1.0
маска dreame,Маска dreame,Dreame,Dreame,19,brand_in_query,1.0,1.0,1,1,True,False,False,high,,1.0
кастрюля чугунная,кастрюля чугунная,NO_BRAND,Камская посуда,65,category_only,0.34313137372525493,1.0,4,4,False,False,True,special,Mayer&Boch,0.06238752249550088
bosch kgn36nl306 двухкамерный холодильник no frost серый металлик,"Bosch KGN36NL306 Двухкамерный холодильник, No frost, серый металлик",Bosch,Bosch,9,brand_in_query,1.0,1.0,1,1,True,False,False,high,,1.0
встраиваемые посудомоечные машины 45 см candy,встраиваемые посудомоечные машины 45см candy,Candy,Candy,12,brand_in_query,1.0,1.0,2,1,True,False,False,high,,1.0
провод на айфон,провод на айфон,Apple,Apple,2,alias_hint,1.0,1.0,1,1,True,True,False,high,,1.0
пылесос строительный промышленный,пылесос строительный промышленный,NO_BRAND,Oasis,65,category_only,0.6363636363636364,1.0,2,2,False,False,True,special,DENZEL,0.27272727272727276
samsung s25 edge,samsung s25 edge,Samsung,Samsung,52,alias_hint,1.0,1.0,5,1,True,True,False,high,,1.0
ноутбук lenovo legion,ноутбук lenovo legion,UNKNOWN,Lenovo,66,ood_brand_surface,1.0,0.9,2,1,True,True,False,special,,1.0
apple lightning,Apple Lightning,Apple,Apple,2,brand_in_query,1.0,1.0,1,1,True,False,False,high,,1.0
холодильники с нижней морозильной камерой,холодильники с нижней морозильной камерой,UNKNOWN,Grundig,66,ambiguous_clicks,0.3732571375583596,0.9,304,12,False,False,False,special,Indesit,0.004373707074889492
люстра потолочная венецианское стекло,люстра потолочная венецианское стекло,NO_BRAND,Moderli,65,category_only,1.0,1.0,1,1,False,False,True,special,,1.0
овощерезке электрическая,овощерезке электрическая,UNKNOWN,Centek,66,ambiguous_clicks,0.4503784693019344,0.9,12,8,False,False,False,special,LOWENGRASS,0.31791421362489486
cadena сплит система,Cadena сплит система,NO_BRAND,Cadena,65,category_only,1.0,1.0,1,1,True,False,True,special,,1.0
samsung smart m9,Samsung Smart M9,Samsung,Samsung,52,alias_hint,1.0,1.0,1,1,True,True,False,high,,1.0
самсунг галакси а 55,Самсунг галакси А 55,Samsung,Samsung,52,alias_hint,1.0,1.0,1,1,True,True,False,high,,1.0
ноутбук asus tuf gaming a15,ноутбук asus tuf gaming a15,ASUS,ASUS,0,alias_hint,1.0,1.0,1,1,True,True,False,high,,1.0
logitech mx master 4,logitech mx master 4,Logitech,Logitech,39,brand_in_query,1.0,1.0,6,1,True,False,False,high,,1.0
телефоны мобильные honor,телефоны мобильные honor,HONOR,HONOR,25,alias_hint,0.9803800457798931,0.9803800457798931,5,2,True,True,False,high,BQ,0.9607600915597864
xолодильник haier cef536 cwg,Холодильник Haier CEF536CWG,Haier,Haier,27,alias_hint,1.0,1.0,4,1,True,True,False,high,,1.0
macbook air 15 1 тб,Macbook air 15 1тб,Apple,Apple,2,alias_hint,1.0,1.0,1,1,True,True,False,high,,1.0
iphone 17 pro max 512 gb silver,iphone 17 pro max 512gb silver,Apple,Apple,2,alias_hint,1.0,1.0,6,1,True,True,False,high,,1.0
tefal it3470e1,Tefal IT3470E1,Tefal,Tefal,59,brand_in_query,1.0,1.0,1,1,True,False,False,high,,1.0
часы huawei watch fit 3,часы huawei watch fit 3,HUAWEI,HUAWEI,26,alias_hint,1.0,1.0,1,1,True,True,False,high,,1.0
игровой стул cougar,Игровой стул cougar,NO_BRAND,Cougar,65,category_only,1.0,1.0,1,1,True,False,True,special,,1.0
защитное сткло на айфон 17,защитное сткло на айфон 17,Apple,Remax,2,alias_hint,1.0,1.0,1,1,False,True,False,high,,1.0
вентилятор напольный автоимидж,вентилятор напольный автоимидж,NO_BRAND,АвтоИмидж,65,category_only,1.0,1.0,1,1,True,False,True,special,,1.0
вытяжки кухонные 60 встраиваемая maunfeld vs fast,вытяжки кухонные 60 встраиваемая maunfeld VS FAST,Maunfeld,Maunfeld,41,brand_in_query,1.0,1.0,1,1,True,False,False,high,,1.0
xiaomi пад,xiaomi пад,Xiaomi,Xiaomi,62,alias_hint,1.0,1.0,1,1,True,True,False,high,,1.0
смарт часы huawei band 11,смарт часы huawei band 11,HUAWEI,HUAWEI,26,alias_hint,1.0,1.0,1,1,True,True,False,high,,1.0
казан для огня davr metall чугунный 4 5 л узбекский с крышкой,казан для огня davr metall чугунный 4 5 л узбекский с крышкой,UNKNOWN,Davr Metall,66,ood_brand_surface,1.0,0.9,1,1,True,False,False,special,,1.0
haier 65 m7,haier 65 m7,Haier,Haier,27,alias_hint,1.0,1.0,1,1,True,True,False,high,,1.0
dreame auraframe,Dreame auraframe,Dreame,Dreame,19,brand_in_query,1.0,1.0,1,1,True,False,False,high,,1.0
хуавей нова 15,хуавей нова 15,HUAWEI,HUAWEI,26,alias_hint,1.0,1.0,2,1,True,True,False,high,,1.0
утюг haier hi 601,утюг haier hi 601,Haier,Haier,27,alias_hint,1.0,1.0,3,1,True,True,False,high,,1.0
плита beko,Плита beko,Beko,Beko,8,brand_in_query,1.0,1.0,1,1,True,False,False,high,,1.0
чехол для планшета самсунг,чехол для планшета самсунг,Samsung,Samsung,52,alias_hint,1.0,1.0,1,1,True,True,False,high,,1.0
подписка яндекс плюс,подписка яндекс плюс,Яндекс,Яндекс,64,brand_in_query,1.0,1.0,8,1,True,False,False,high,,1.0
redmond фен,Redmond фен,Redmond,Redmond,50,brand_in_query,1.0,1.0,1,1,True,False,False,high,,1.0
стиральная машинка lg f2296 wdso,стиральная машинка lg F2296wdso,LG,LG,38,brand_in_query,1.0,1.0,1,1,True,False,False,high,,1.0
чехол для ipad 10 9,чехол для ipad 10 9,Apple,vlp,2,alias_hint,1.0,1.0,1,1,False,True,False,high,,1.0
флеш-накопитель,флеш-накопитель,NO_BRAND,Netac,65,category_only,1.0,1.0,2,1,False,False,True,special,,1.0
панель samsung brb80f26ces0 eo,панель SAMSUNG BRB80F26CES0EO,Samsung,Samsung,52,alias_hint,1.0,1.0,1,1,True,True,False,high,,1.0
гриль тефаль,Гриль тефаль,NO_BRAND,Tefal,65,category_only,1.0,1.0,4,1,False,False,True,special,,1.0
микроволновка самсунг,микроволновка самсунг,Samsung,Samsung,52,alias_hint,1.0,1.0,8,1,True,True,False,high,,1.0
сплит-система кондиционер rapid ram-09 hj n1 23 y,Сплит-система кондиционер Rapid RAM-09HJ/N1_23Y,Rapid,Rapid,49,brand_in_query,1.0,1.0,1,1,True,False,False,high,,1.0
чехол samsung a57 5 g,чехол samsung A57 5g,Samsung,Krutoff,52,alias_hint,1.0,1.0,2,1,False,True,False,high,,1.0
lg телевизоры,lg телевизоры,LG,LG,38,brand_in_query,1.0,1.0,1,1,True,False,False,high,,1.0
jbl party box 120,jbl party box 120,JBL,JBL,32,brand_in_query,1.0,1.0,1,1,True,False,False,high,,1.0
iphone 14 256 восстановленный,iphone 14 256 восстановленный,Apple,Apple,2,alias_hint,1.0,1.0,1,1,True,True,False,high,,1.0
самсунг с25 плюс розовое золото,самсунг с25 плюс  розовое золото,Samsung,Samsung,52,alias_hint,1.0,1.0,1,1,True,True,False,high,,1.0
душевая кабина niagara,душевая кабина niagara,NO_BRAND,Niagara,65,category_only,1.0,1.0,1,1,True,False,True,special,,1.0
redmi pad,Redmi pad,Xiaomi,Xiaomi,62,alias_hint,1.0,1.0,1,1,True,True,False,high,,1.0
samsung galaxy s 26 ultra,samsung galaxy s 26 ultra,Samsung,Samsung,52,alias_hint,1.0,1.0,24,1,True,True,False,high,,1.0
hisense party rocket,hisense party rocket,Hisense,Hisense,29,brand_in_query,1.0,1.0,1,1,True,False,False,high,,1.0
наушники huawei freeclip 2,наушники huawei freeclip 2,HUAWEI,HUAWEI,26,alias_hint,1.0,1.0,1,1,True,True,False,high,,1.0
встраиваемые посудомоечные машины 60 см,встраиваемые посудомоечные машины 60см,UNKNOWN,Bosch,66,ambiguous_clicks,0.16097270018674292,0.9,546,44,False,False,False,special,Midea,0.029127178971097168
монитор msi mag 322 upf,Монитор MSI MAG 322UPF,MSI,MSI,40,brand_in_query,1.0,1.0,1,1,True,False,False,high,,1.0
внешний диск ссд,внешний диск ссд,NO_BRAND,ADATA,65,category_only,1.0,1.0,1,1,False,False,True,special,,1.0
смартфоны samsung s22 ultra,смартфоны samsung s22 ultra,Samsung,Samsung,52,alias_hint,1.0,1.0,1,1,True,True,False,high,,1.0
midea vcs35b180 kh,Midea VCS35B180KH,Midea,Midea,42,brand_in_query,1.0,1.0,1,1,True,False,False,high,,1.0
gorenje плита,gorenje плита,Gorenje,Gorenje,23,brand_in_query,1.0,1.0,3,1,True,False,False,high,,1.0
зарядное xiaomi,зарядное  xiaomi,Xiaomi,Xiaomi,62,alias_hint,1.0,1.0,1,1,True,True,False,high,,1.0
утюг tefal turbo pro,утюг tefal turbo pro,Tefal,Tefal,59,brand_in_query,1.0,1.0,1,1,True,False,False,high,,1.0
вафельница kitfort кт-5607 серебристый,Вафельница Kitfort КТ-5607 серебристый,Kitfort,Kitfort,35,alias_hint,1.0,1.0,1,1,True,True,False,high,,1.0
lg f4v9rwp2 e,LG F4V9RWP2E,LG,LG,38,brand_in_query,1.0,1.0,1,1,True,False,False,high,,1.0
телевизор tcl 55 t8 c qled 144 гц 4 k hdr google tv смарт тв 55 дюймов,телевизор tcl 55 t8c qled 144 гц 4k hdr google tv смарт тв 55 дюймов,TCL,TCL,56,brand_in_query,1.0,1.0,1,1,True,False,False,high,,1.0
наушники беспроводные samsung buds core,наушники беспроводные samsung buds core,Samsung,Samsung,52,alias_hint,1.0,1.0,1,1,True,True,False,high,,1.0
canon g7 x m lll,canon g7x m lll,Canon,Canon,13,brand_in_query,1.0,1.0,1,1,True,False,False,high,,1.0
телевзор яндекс,телевзор яндекс,Яндекс,Яндекс,64,brand_in_query,1.0,1.0,1,1,True,False,False,high,,1.0
зарядка оригинал самсунг,зарядка оригинал самсунг,Samsung,Samsung,52,alias_hint,1.0,1.0,1,1,True,True,False,high,,1.0
wi fi роутер xiaomi,wi fi роутер xiaomi,Xiaomi,Xiaomi,62,alias_hint,1.0,1.0,8,1,True,True,False,high,,1.0
встраиваемые холодильники большие,встраиваемые холодильники большие,NO_BRAND,MEFERI,65,category_only,1.0,1.0,1,1,False,False,True,special,,1.0
холодильники самсунг полка для бутылков,холодильники самсунг полка для бутылков,Samsung,Samsung,52,alias_hint,1.0,1.0,1,1,True,True,False,high,,1.0
true wireless jbl wave flex 2,True Wireless JBL Wave Flex 2,JBL,JBL,32,brand_in_query,1.0,1.0,1,1,True,False,False,high,,1.0
фильтр для вытяжки homsair,Фильтр для вытяжки homsair,UNKNOWN,HOMSAir,66,ood_brand_surface,1.0,0.9,1,1,True,False,False,special,,1.0
смарт часы huawei fit 4,смарт часы huawei fit 4,HUAWEI,HUAWEI,26,alias_hint,1.0,1.0,1,1,True,True,False,high,,1.0
haier телевизор 85 hqled s4 диагональ 85 4 k uhd android tv,"Haier телевизор 85 HQLED S4, диагональ 85"", 4K UHD, Android TV",Haier,Haier,27,alias_hint,1.0,1.0,1,1,True,True,False,high,,1.0
midea стипальная,midea стипальная,Midea,Midea,42,brand_in_query,1.0,1.0,1,1,True,False,False,high,,1.0
телевизоры hisense 75,телевизоры hisense 75,Hisense,Hisense,29,brand_in_query,1.0,1.0,11,1,True,False,False,high,,1.0
набор сковородок tefal,набор сковородок tefal,NO_BRAND,Tefal,65,category_only,1.0,1.0,2,1,True,False,True,special,,1.0
tcl 55,tcl 55,TCL,TCL,56,brand_in_query,1.0,1.0,13,1,True,False,False,high,,1.0
стиральная машинка haier узкая 14279,стиральная машинка haier узкая 14279,Haier,Haier,27,alias_hint,1.0,1.0,1,1,True,True,False,high,,1.0
пушка,пушка,NO_BRAND,Ресанта,65,category_only,1.0,1.0,1,1,False,False,True,special,,1.0
пылесос ручной handstick dreame r10 s pro,Пылесос ручной (handstick) Dreame R10S Pro,Dreame,Dreame,19,brand_in_query,1.0,1.0,2,1,True,False,False,high,,1.0
телевизоры tcl 50,телевизоры tcl 50,TCL,TCL,56,brand_in_query,1.0,1.0,2,1,True,False,False,high,,1.0
беспроводные наушники sony wh 1000xm5,беспроводные наушники sony wh 1000xm5,Sony,Sony,55,brand_in_query,1.0,1.0,1,1,True,False,False,high,,1.0
телевизор grundig,телевизор grundig,Grundig,Grundig,24,brand_in_query,1.0,1.0,11,1,True,False,False,high,,1.0
infinix note 40 pro,infinix note 40 pro,Infinix,Infinix,31,brand_in_query,1.0,1.0,5,1,True,False,False,high,,1.0
galaxy tab s10,galaxy tab s10,Samsung,Samsung,52,alias_hint,1.0,1.0,1,1,True,True,False,high,,1.0
аэрогриль kitfort kt 2248,аэрогриль kitfort kt 2248,Kitfort,Kitfort,35,alias_hint,1.0,1.0,1,1,True,True,False,high,,1.0
роботы пылесосы dreame d20 pro,роботы пылесосы dreame d20 pro,Dreame,Dreame,19,brand_in_query,1.0,1.0,1,1,True,False,False,high,,1.0
чехол на iphone pitaka на айфон air,чехол на iphone  pitaka на айфон Air,Apple,Pitaka,2,alias_hint,1.0,1.0,1,1,True,True,False,high,,1.0
экшн камера очки,Экшн камера очки,NO_BRAND,АвтоИмидж,65,category_only,1.0,1.0,1,1,False,False,True,special,,1.0
аккумулятор magsafe rivacase,Аккумулятор magsafe rivacase,UNKNOWN,RIVACASE,66,ood_brand_surface,1.0,0.9,1,1,True,False,False,special,,1.0
свч samsung 23,свч samsung 23,Samsung,Samsung,52,alias_hint,1.0,1.0,1,1,True,True,False,high,,1.0
насадки kenwood,насадки  kenwood,UNKNOWN,Kenwood,66,ood_brand_surface,1.0,0.9,1,1,True,False,False,special,,1.0
кабель apple usb c lightning,Кабель Apple USB-C Lightning,UNKNOWN,Apple,66,low_conf_with_evidence,0.5150115473441108,0.9,4,2,True,False,False,special,APPLE,0.030023094688221685
tcl 50p8 k,TCL 50P8K,TCL,TCL,56,brand_in_query,1.0,1.0,1,1,True,False,False,high,,1.0
11 планшет samsung galaxy tab a11 wi fi 256 гб серый,"11"" Планшет Samsung Galaxy Tab A11+ Wi-Fi 256 ГБ серый",Samsung,Samsung,52,alias_hint,1.0,1.0,1,1,True,True,False,high,,1.0
встраиваемая посудомоечная машина gorenje gv663b62,Встраиваемая посудомоечная машина Gorenje GV663B62,Gorenje,Gorenje,23,brand_in_query,1.0,1.0,1,1,True,False,False,high,,1.0
телевизор candy uno pro 55c5 gux,телевизор candy uno pro 55c5gux,Candy,Candy,12,brand_in_query,1.0,1.0,1,1,True,False,False,high,,1.0
зарядка для dualsense,зарядка для dualsense,NO_BRAND,Sony,65,category_only,1.0,1.0,2,1,False,False,True,special,,1.0
игры пс 5,игры пс 5,UNKNOWN,Sony,66,ambiguous_clicks,0.3427265391285287,0.9,6,5,False,False,False,special,Ubisoft,0.03244748299441691
стирально сушильная машина candy nova,СТИРАЛЬНО СУШИЛЬНАЯ МАШИНА CANDY NOVA,Candy,Candy,12,brand_in_query,1.0,1.0,1,1,True,False,False,high,,1.0
телевизоры 40 смарт,телевизоры 40 смарт,UNKNOWN,Hi,66,ambiguous_clicks,0.4651631091421667,0.9,8,5,False,False,False,special,Centek,0.211437776882803
монитор изогнутый,монитор изогнутый,NO_BRAND,Samsung,65,category_only,0.6908841672378341,1.0,6,3,False,False,True,special,HUAWEI,0.4270047978067169
аэрогриль demiand с двумя,аэрогриль demiand с двумя,DEMIAND,DEMIAND,16,brand_in_query,1.0,1.0,14,1,True,False,False,high,,1.0
электрические кофемолкин электрические,электрические кофемолкин электрические,NO_BRAND,Polaris,65,category_only,1.0,1.0,1,1,False,False,True,special,,1.0
ноутбук huawei notebook,ноутбук huawei notebook,HUAWEI,HUAWEI,26,alias_hint,1.0,1.0,1,1,True,True,False,high,,1.0
портативный аккумулятор magsafe,портативный аккумулятор magsafe,NO_BRAND,Deppa,65,category_only,1.0,1.0,1,1,False,False,True,special,,1.0
смартфон vivo y36,смартфон vivo y36,UNKNOWN,vivo,66,ood_brand_surface,1.0,0.9,1,1,True,False,False,special,,1.0
купить макбук,купить макбук,Apple,Apple,2,alias_hint,1.0,1.0,1,1,True,True,False,high,,1.0
вертикальный моющий пылесос garlyn,вертикальный моющий пылесос garlyn,NO_BRAND,Garlyn,65,category_only,1.0,1.0,1,1,True,False,True,special,,1.0
смарт-часы samsung galaxy watch8 40 mm lte classic,Смарт-часы Samsung Galaxy Watch8 40mm LTE classic,Samsung,Samsung,52,alias_hint,1.0,1.0,1,1,True,True,False,high,,1.0
thunderobot клавиатура,thunderobot клавиатура,Thunderobot,Thunderobot,60,brand_in_query,1.0,1.0,1,1,True,False,False,high,,1.0
игровые ноутбуки виндус,игровые ноутбуки виндус,NO_BRAND,ASUS,65,category_only,1.0,1.0,1,1,False,False,True,special,,1.0
msi ноутбуки katana 17,MSI ноутбуки Katana 17,MSI,MSI,40,brand_in_query,1.0,1.0,1,1,True,False,False,high,,1.0
scarlett sc ek21s45,scarlett sc-ek21s45,Scarlett,Scarlett,54,brand_in_query,1.0,1.0,1,1,True,False,False,high,,1.0
блендер kitfort стационарный,Блендер kitfort стационарный,Kitfort,Kitfort,35,alias_hint,1.0,1.0,1,1,True,True,False,high,,1.0
tefal natural cook,Tefal Natural Cook,Tefal,Tefal,59,brand_in_query,1.0,1.0,1,1,True,False,False,high,,1.0
телефон айфон 13 оригинал,телефон айфон 13  оригинал,Apple,APPLE,2,alias_hint,1.0,1.0,1,1,True,True,False,high,,1.0
беспроводные наушники накладные,беспроводные наушники накладные,NO_BRAND,JBL,65,category_only,1.0,1.0,1,1,False,False,True,special,,1.0
кофемашина автоматическая philips lattego ep5544 50 серый,Кофемашина автоматическая Philips LatteGo EP5544/50 серый,Philips,Philips,46,brand_in_query,1.0,1.0,1,1,True,False,False,high,,1.0
tcl c6,TCL c6,TCL,TCL,56,brand_in_query,1.0,1.0,2,1,True,False,False,high,,1.0
беспроводные наушники huawei freebuds 7 i,беспроводные наушники huawei freebuds 7i,HUAWEI,HUAWEI,26,alias_hint,1.0,1.0,4,1,True,True,False,high,,1.0
шнур для зарядки телефона samsung,шнур для зарядки телефона samsung,Samsung,Samsung,52,alias_hint,1.0,1.0,5,1,True,True,False,high,,1.0
телевизоры toshiba 43,телевизоры toshiba 43,Toshiba,Toshiba,61,alias_hint,1.0,1.0,7,1,True,True,False,high,,1.0
hisense 85u7 s,Hisense 85U7S,Hisense,Hisense,29,brand_in_query,1.0,1.0,1,1,True,False,False,high,,1.0
гироскутер,гироскутер,UNKNOWN,Самобаланс,66,ambiguous_clicks,0.4340011398009732,0.9,19,3,False,False,False,special,iconBIT,0.06895795887948804
блендер braun,блендер braun,Braun,Braun,10,brand_in_query,1.0,1.0,2,1,True,False,False,high,,1.0
электрочайник bosch,электрочайник bosch,Bosch,Bosch,9,brand_in_query,1.0,1.0,7,1,True,False,False,high,,1.0
пылесосы dreame n12,пылесосы dreame n12,Dreame,Dreame,19,brand_in_query,1.0,1.0,1,1,True,False,False,high,,1.0
аэрогриль с двумя,аэрогриль с двумя,UNKNOWN,LOWENGRASS,66,ambiguous_clicks,0.2705019526465719,0.9,21,11,False,False,False,special,Brayer,0.11714651492568073
саундбар tcl a65 k,Саундбар TCL A65K,TCL,TCL,56,brand_in_query,1.0,1.0,1,1,True,False,False,high,,1.0
смартфон samsung galaxy s25 512 gb черный,смартфон samsung galaxy s25 512gb черный,Samsung,Samsung,52,alias_hint,1.0,1.0,1,1,True,True,False,high,,1.0
samsung a11,samsung a11+,Samsung,Samsung,52,alias_hint,1.0,1.0,4,1,True,True,False,high,,1.0
самсунг eu32f6000fuxru,Самсунг eu32f6000fuxru,Samsung,Samsung,52,alias_hint,1.0,1.0,1,1,True,True,False,high,,1.0
honor 600 512,honor 600 512,HONOR,HONOR,25,alias_hint,1.0,1.0,1,1,True,True,False,high,,1.0
сковорода блинная tefal 25,сковорода блинная tefal 25,Tefal,Tefal,59,brand_in_query,1.0,1.0,1,1,True,False,False,high,,1.0
клавиатура розовая,Клавиатура розовая,UNKNOWN,A4Tech,66,ambiguous_clicks,0.4444444444444444,0.9,3,3,False,False,False,special,MOFii,0.0
строительный миксер,строительный миксер,NO_BRAND,Oasis,65,category_only,1.0,1.0,1,1,False,False,True,special,,1.0
samsung galaxyа56,samsung galaxyа56,Samsung,Samsung,52,alias_hint,1.0,1.0,1,1,True,True,False,high,,1.0
телевизор haier 43 smart tv s2 pro черный,Телевизор Haier 43 Smart TV S2 PRO черный,Haier,Haier,27,alias_hint,1.0,1.0,1,1,True,True,False,high,,1.0
samsung galaxy z flip 7,samsung galaxy z flip 7,Samsung,Samsung,52,alias_hint,1.0,1.0,27,1,True,True,False,high,,1.0
самсунг а57,самсунг а57,Samsung,Samsung,52,alias_hint,0.9175257731958762,0.9175257731958762,8,2,True,True,False,high,Krutoff,0.8350515463917525
яндекс лампочка,Яндекс лампочка,Яндекс,Яндекс,64,brand_in_query,1.0,1.0,3,1,True,False,False,high,,1.0
надувной игровой центр,надувной игровой центр,NO_BRAND,Ami,65,category_only,1.0,1.0,1,1,False,False,True,special,,1.0
canon мфу струйное canon принтер pixma,canon мфу струйное canon принтер pixma,Canon,Canon,13,brand_in_query,1.0,1.0,3,1,True,False,False,high,,1.0
фен с ионизацией,фен с ионизацией,UNKNOWN,Xiaomi,66,ambiguous_clicks,0.49456725365305354,0.9,5,5,False,False,False,special,GA.MA,0.12364181341326336
роботы пылесосы xiaomi s20,роботы пылесосы xiaomi s20+,Xiaomi,Xiaomi,62,alias_hint,1.0,1.0,1,1,True,True,False,high,,1.0
gorenje gi6401 bsce,GORENJE GI6401BSCE,Gorenje,Gorenje,23,brand_in_query,1.0,1.0,2,1,True,False,False,high,,1.0
dreame x60 ultra complete,dreame x60 ultra complete,Dreame,Dreame,19,brand_in_query,1.0,1.0,15,1,True,False,False,high,,1.0
чехол на samsung s23 plus,чехол на samsung s23 plus,Samsung,Samsung,52,alias_hint,1.0,1.0,1,1,True,True,False,high,,1.0
телевизоры 43 hi,телевизоры 43 hi,Hi,Hi,28,brand_in_query,1.0,1.0,1,1,True,False,False,high,,1.0
midea mdr523mge330 dm,midea mdr523mge330dm,Midea,Midea,42,brand_in_query,1.0,1.0,1,1,True,False,False,high,,1.0
электрический фен для волос,электрический фен для волос,NO_BRAND,Haier,65,category_only,1.0,1.0,1,1,False,False,True,special,,1.0
samsung odyssey,Samsung odyssey,Samsung,Samsung,52,alias_hint,1.0,1.0,1,1,True,True,False,high,,1.0
dreame x60 ultra,Dreame X60 Ultra,Dreame,Dreame,19,brand_in_query,1.0,1.0,2,1,True,False,False,high,,1.0
hi haf410,HI HAF410,Hi,Hi,28,brand_in_query,1.0,1.0,2,1,True,False,False,high,,1.0
беспроводной фен,беспроводной фен,NO_BRAND,Endever,65,category_only,1.0,1.0,1,1,False,False,True,special,,1.0
робот мойщик окон тонкий,робот мойщик окон тонкий,NO_BRAND,yus&l,65,category_only,1.0,1.0,1,1,False,False,True,special,,1.0
stoewer hair bliss wave,Stoewer Hair Bliss Wave,UNKNOWN,STOEWER,66,ood_brand_surface,1.0,0.9,1,1,True,False,False,special,,1.0
насадка для фена carrera,Насадка для фена carrera,Carrera,Carrera,14,brand_in_query,1.0,1.0,1,1,True,False,False,high,,1.0
haier htf 508dgs7 ru,haier htf 508dgs7ru,Haier,Haier,27,alias_hint,1.0,1.0,1,1,True,True,False,high,,1.0
зарядное уйстройство samsung,зарядное уйстройство Samsung,Samsung,Samsung,52,alias_hint,1.0,1.0,1,1,True,True,False,high,,1.0
dreame h16 pro,dreame h16 pro,Dreame,Dreame,19,brand_in_query,1.0,1.0,1,1,True,False,False,high,,1.0
аккамулятор для пылесоса samsung,Аккамулятор для пылесоса samsung,Samsung,Samsung,52,alias_hint,1.0,1.0,1,1,True,True,False,high,,1.0
macbook air 15 m5,Macbook air 15 m5,Apple,Apple,2,alias_hint,1.0,1.0,7,1,True,True,False,high,,1.0
калькулятор,калькулятор,NO_BRAND,Brauberg,65,category_only,0.748150016818029,1.0,8,3,False,False,True,special,CROMEX,0.5265724857046754
микроволновая печь gorenje bm201sg3 dbg,микроволновая печь Gorenje BM201SG3DBG,Gorenje,Gorenje,23,brand_in_query,1.0,1.0,1,1,True,False,False,high,,1.0
wifi,wifi,NO_BRAND,SIGMAPC,65,category_only,0.7142857142857143,1.0,2,2,False,False,True,special,HUAWEI,0.4285714285714286
honor 600 про,honor 600 про,HONOR,HONOR,25,alias_hint,1.0,1.0,5,1,True,True,False,high,,1.0
apple iphone 13 pro max,apple iphone 13 pro max,Apple,Apple,2,alias_hint,1.0,1.0,3,1,True,True,False,high,,1.0
huawei magicbook x16,huawei magicbook x16,HUAWEI,HONOR,26,alias_hint,1.0,1.0,1,1,False,True,False,high,,1.0
вентилятор колонный примера,вентилятор колонный примера,NO_BRAND,Primera,65,category_only,1.0,1.0,1,1,False,False,True,special,,1.0
часы garmin,Часы garmin,UNKNOWN,Garmin,66,ood_brand_surface,1.0,0.9,5,1,True,False,False,special,,1.0
tcl 55 c7 k,tcl 55 c7k,TCL,TCL,56,brand_in_query,1.0,1.0,2,1,True,False,False,high,,1.0
варочная панель газовая белая midea,варочная панель газовая белая midea,Midea,Midea,42,brand_in_query,1.0,1.0,1,1,True,False,False,high,,1.0
стиральная машинка carrera,стиральная машинка carrera,NO_BRAND,Carrera,65,category_only,1.0,1.0,3,1,True,False,True,special,,1.0
шуруповерт bosch,шуруповерт bosch,Bosch,Bosch,9,brand_in_query,1.0,1.0,1,1,True,False,False,high,,1.0
фитнес браслеты xiaomi,фитнес браслеты xiaomi,Xiaomi,Xiaomi,62,alias_hint,1.0,1.0,51,1,True,True,False,high,,1.0
atlant xm-4621-101-nl,Atlant XM-4621-101-NL,ATLANT,ATLANT,1,brand_in_query,1.0,1.0,1,1,True,False,False,high,,1.0
смартфоны huawei pura 80 pro,смартфоны huawei Pura 80pro,HUAWEI,HUAWEI,26,alias_hint,1.0,1.0,1,1,True,True,False,high,,1.0
встраиваемая посудомоечная машина gorenje gv563c10,Встраиваемая посудомоечная машина Gorenje GV563C10,Gorenje,Gorenje,23,brand_in_query,1.0,1.0,1,1,True,False,False,high,,1.0
стиральная машина лд,стиральная машина лд,NO_BRAND,LG,65,category_only,1.0,1.0,1,1,False,False,True,special,,1.0
варочная панель газовая gressel,варочная панель газовая gressel,NO_BRAND,Gressel,65,category_only,1.0,1.0,2,1,True,False,True,special,,1.0
jbl reflect contour 2,JBL Reflect Contour 2,JBL,JBL,32,brand_in_query,1.0,1.0,1,1,True,False,False,high,,1.0
кнопочный xenium,кнопочный xenium,UNKNOWN,XENIUM,66,ood_brand_surface,1.0,0.9,1,1,True,False,False,special,,1.0
духовой шкаф электрический maunfeld aeoh6066 b,Духовой шкаф электрический Maunfeld AEOH6066B,Maunfeld,Maunfeld,41,brand_in_query,1.0,1.0,2,1,True,False,False,high,,1.0
увлажнитель воздуха bork,увлажнитель воздуха bork,NO_BRAND,BORK,65,category_only,1.0,1.0,1,1,True,False,True,special,,1.0
смартфоны poco m7 pro 12 512 gb,смартфоны poco m7 pro 12/512gb,Xiaomi,POCO,62,alias_hint,1.0,1.0,1,1,True,True,False,high,,1.0
samsung galaxy a57 512 гб,Samsung Galaxy A57 512гб,Samsung,Samsung,52,alias_hint,1.0,1.0,1,1,True,True,False,high,,1.0
смартфон apple iphone 16 128 gb ultramarine,Смартфон Apple iPhone 16 128GB Ultramarine,Apple,Apple,2,alias_hint,1.0,1.0,1,1,True,True,False,high,,1.0
delonghi ecam 22.114 b5,Delonghi ECAM 22.114 B5,DeLonghi,DeLonghi,17,brand_in_query,1.0,1.0,1,1,True,False,False,high,,1.0
смартфон samsung galaxy s26 ultra 12 256 gb titanium gray,Смартфон Samsung Galaxy S26 Ultra 12/256GB Titanium Gray,Samsung,Samsung,52,alias_hint,1.0,1.0,1,1,True,True,False,high,,1.0
сушильная машина с тепловым candy,сушильная машина с тепловым candy,Candy,Candy,12,brand_in_query,1.0,1.0,1,1,True,False,False,high,,1.0
щетки revyline,щетки revyline,UNKNOWN,Revyline,66,ood_brand_surface,1.0,0.9,1,1,True,False,False,special,,1.0
макбук эир,Макбук эир,Apple,Apple,2,alias_hint,1.0,1.0,3,1,True,True,False,high,,1.0
вытяжки кухонные купольные,вытяжки кухонные купольные,NO_BRAND,Oasis,65,category_only,1.0,1.0,1,1,False,False,True,special,,1.0
toshiba 75z770 re,toshiba 75Z770RE,Toshiba,Toshiba,61,alias_hint,1.0,1.0,3,1,True,True,False,high,,1.0
с клавиатурой для планшета huawei 53014,с клавиатурой для планшета huawei 53014,HUAWEI,HUAWEI,26,alias_hint,1.0,1.0,1,1,True,True,False,high,,1.0
карта apple,карта apple,Apple,Apple,2,brand_in_query,1.0,1.0,2,1,True,False,False,high,,1.0
планшеты apple 256 гб,Планшеты apple 256 гб,Apple,Apple,2,brand_in_query,1.0,1.0,1,1,True,False,False,high,,1.0
беговел novatrack,беговел novatrack,UNKNOWN,Novatrack,66,ood_brand_surface,1.0,0.9,1,1,True,False,False,special,,1.0
gorenje bo73-ora w,Gorenje BO73-ORA-W,Gorenje,Gorenje,23,brand_in_query,1.0,1.0,1,1,True,False,False,high,,1.0
пылесос tefal compact power tw3786 ra серый,Пылесос Tefal Compact Power TW3786RA серый,Tefal,Tefal,59,brand_in_query,1.0,1.0,1,1,True,False,False,high,,1.0
айфон 15 256,айфон 15 256,Apple,Apple,2,alias_hint,1.0,1.0,11,1,True,True,False,high,,1.0
lg 43nano766 qa,LG 43NANO766QA,LG,LG,38,brand_in_query,1.0,1.0,1,1,True,False,False,high,,1.0
настольные плиты электрические плитки,настольные плиты электрические плитки,NO_BRAND,GROOVIER,65,category_only,1.0,1.0,1,1,False,False,True,special,,1.0
tefal чайник мини,tefal чайник мини,NO_BRAND,Tefal,65,category_only,1.0,1.0,1,1,True,False,True,special,,1.0
индукционная плитка,индукционная плитка,NO_BRAND,Kitfort,65,category_only,0.8812395457346598,1.0,5,4,False,False,True,special,UNISTELLAR,0.8308830002641078
блендер стационарный endever sigma-200,блендер стационарный Endever sigma-200,UNKNOWN,Endever,66,ood_brand_surface,1.0,0.9,1,1,True,False,False,special,,1.0
принтер сканер коир,Принтер  сканер коир,NO_BRAND,DELI,65,category_only,1.0,1.0,1,1,False,False,True,special,,1.0
кондиционер напольный испаритель,Кондиционер напольный испаритель,NO_BRAND,Zenet,65,category_only,1.0,1.0,1,1,False,False,True,special,,1.0
honor pad v9,honor pad v9,HONOR,HONOR,25,alias_hint,1.0,1.0,2,1,True,True,False,high,,1.0
сибирь сумка,Сибирь сумка,UNKNOWN,СИБИРЬ,66,ood_brand_surface,1.0,0.9,1,1,True,False,False,special,,1.0
чехол на iphone 16 pro,чехол на iphone 16 pro,Apple,Apple,2,alias_hint,0.6143459915611814,0.6143459915611814,12,4,True,True,False,medium,vlp,0.29928453494771595
электро гриль rednond,электро гриль rednond,NO_BRAND,Redmond,65,category_only,1.0,1.0,1,1,False,False,True,special,,1.0
смарт-часы apple watch se 3 40 мм темная ночь,"Смарт-часы Apple Watch SE 3 40 мм, тёмная ночь",Apple,Apple,2,brand_in_query,1.0,1.0,1,1,True,False,False,high,,1.0
умная климатическая станция dorfhaus умный климатический комплекс воздухоохладитель,"Умная климатическая станция DORFHAUS Умный климатический комплекс, воздухоохладитель",UNKNOWN,DORFHAUS,66,ood_brand_surface,1.0,0.9,1,1,True,False,False,special,,1.0
dreame f10,dreame f10,Dreame,Dreame,19,brand_in_query,1.0,1.0,1,1,True,False,False,high,,1.0
мобильные телефоны кнопочные раскладной,мобильные телефоны кнопочные раскладной,NO_BRAND,BQ,65,category_only,1.0,1.0,1,1,False,False,True,special,,1.0
стекло для iphone 16,стекло для iphone 16,Apple,Alpha Skin,2,alias_hint,1.0,1.0,1,1,False,True,False,high,,1.0
смарт часы apple,смарт часы apple,NO_BRAND,Apple,65,category_only,1.0,1.0,5,1,True,False,True,special,,1.0
игровой моноблок,игровой моноблок,NO_BRAND,KWIK,65,category_only,1.0,1.0,1,1,False,False,True,special,,1.0
самсунг с26 ультра512,Самсунг с26 ультра512,Samsung,Samsung,52,alias_hint,1.0,1.0,1,1,True,True,False,high,,1.0
тостер bosch tat 4620,Тостер Bosch TAT 4620,Bosch,Bosch,9,brand_in_query,1.0,1.0,1,1,True,False,False,high,,1.0
посудомоечная машина electrolux eem48300 l,посудомоечная машина electrolux eem48300l,Electrolux,Electrolux,21,brand_in_query,1.0,1.0,1,1,True,False,False,high,,1.0
яндекс станция мини с глазками,яндекс станция мини с глазками,Яндекс,Яндекс,64,brand_in_query,1.0,1.0,1,1,True,False,False,high,,1.0
крышка стеклянная для сковороды gipfel,крышка стеклянная для сковороды gipfel,UNKNOWN,Gipfel,66,ood_brand_surface,1.0,0.9,1,1,True,False,False,special,,1.0
миксер moulinex,миксер moulinex,Moulinex,Moulinex,43,brand_in_query,1.0,1.0,3,1,True,False,False,high,,1.0
телефоны реалми,телефоны реалми,NO_BRAND,realme,65,category_only,1.0,1.0,1,1,False,False,True,special,,1.0
блендер стационарный kitfort,блендер стационарный kitfort,Kitfort,Kitfort,35,alias_hint,1.0,1.0,1,1,True,True,False,high,,1.0
пароочиститель,пароочиститель,NO_BRAND,Karcher,65,category_only,0.17404006697758187,1.0,337,40,False,False,True,special,LOWENGRASS,0.024313464769311757
оригинальная зарядка на айфон 11,оригинальная зарядка на айфон 11,Apple,Apple,2,alias_hint,1.0,1.0,1,1,True,True,False,high,,1.0
тефаль посуда,Тефаль посуда,NO_BRAND,Tefal,65,category_only,1.0,1.0,2,1,False,False,True,special,,1.0
посудомоечная машина горение,посудомоечная машина горение,NO_BRAND,Gorenje,65,category_only,1.0,1.0,1,1,False,False,True,special,,1.0
кондиционер мобильный rapid,Кондиционер мобильный rapid,NO_BRAND,Rapid,65,category_only,1.0,1.0,1,1,True,False,True,special,,1.0
apple iphone 15 про,apple iphone 15 про,Apple,Apple,2,alias_hint,1.0,1.0,1,1,True,True,False,high,,1.0
смартфон apple iphone 17,Смартфон Apple iPhone 17,Apple,Apple,2,alias_hint,1.0,1.0,2,1,True,True,False,high,,1.0
соединительный элемент candy,Соединительный  элемент candy,Candy,Candy,12,brand_in_query,1.0,1.0,1,1,True,False,False,high,,1.0
телефон samsung s25 ultra,телефон samsung s25 ultra,Samsung,Samsung,52,alias_hint,1.0,1.0,6,1,True,True,False,high,,1.0
xолодильник indesit its 4180 ng,Холодильник Indesit ITS 4180 NG,Indesit,Indesit,30,brand_in_query,1.0,1.0,1,1,True,False,False,high,,1.0
электробритва philips,электробритва philips,Philips,Philips,46,brand_in_query,1.0,1.0,47,1,True,False,False,high,,1.0
утюг tefal durilium,утюг tefal durilium,Tefal,Tefal,59,brand_in_query,1.0,1.0,2,1,True,False,False,high,,1.0
samsung а 24,samsung а 24,Samsung,Samsung,52,alias_hint,1.0,1.0,1,1,True,True,False,high,,1.0
встраиваемые посудомоечные машины 60 см monsher,встраиваемые посудомоечные машины 60см monsher,UNKNOWN,Monsher,66,ood_brand_surface,1.0,0.9,2,1,True,False,False,special,,1.0
конвектор электрический ballu solo turbo bec smt 1500,Конвектор электрический Ballu Solo Turbo BEC/SMT 1500,Ballu,Ballu,6,brand_in_query,1.0,1.0,1,1,True,False,False,high,,1.0
телевизор lg 65ut81006 la,Телевизор LG 65UT81006LA,LG,LG,38,brand_in_query,1.0,1.0,1,1,True,False,False,high,,1.0
телевизор lg 50,телевизор lg 50,LG,LG,38,brand_in_query,0.9590575201701923,0.9590575201701923,7,2,True,False,False,high,Яндекс,0.9181150403403846
бойлер 30 литров,бойлер 30 литров,UNKNOWN,Kotitonttu,66,ambiguous_clicks,0.44380378780310276,0.9,7,5,False,False,False,special,Ariston,0.09814891461030156
колонки sven,колонки sven,UNKNOWN,Sven,66,ood_brand_surface,0.9774151564440003,0.9,11,2,True,False,False,special,WJB,0.9548303128880007
сплит система leopard,Сплит система leopard,NO_BRAND,SNOW LEOPARD,65,category_only,1.0,1.0,1,1,False,False,True,special,,1.0
встраиваемые холодильники двухкамерные samsung,встраиваемые холодильники двухкамерные samsung,Samsung,Samsung,52,alias_hint,1.0,1.0,2,1,True,True,False,high,,1.0
сетевое зарядное устройство ugreen x524 65053 45 w usb c белый,Сетевое зарядное устройство uGreen X524 (65053) 45W USB-C белый,UNKNOWN,uGreen,66,ood_brand_surface,1.0,0.9,1,1,True,False,False,special,,1.0
кресло zone 51,кресло zone 51,UNKNOWN,ZONE 51,66,ood_brand_surface,1.0,0.9,1,1,True,False,False,special,,1.0
midea mfc3712bsw40 w,Midea MFC3712BSW40/W,Midea,Midea,42,brand_in_query,1.0,1.0,1,1,True,False,False,high,,1.0
ноутбуки acer asus с windows 11 от 15.6,"ноутбуки Acer , asus  с windows 11 от 15.6",UNKNOWN,Acer,66,ood_brand_surface,1.0,0.9,1,1,True,True,False,special,,1.0
v70 vivo,v70 vivo,UNKNOWN,vivo,66,ood_brand_surface,1.0,0.9,1,1,True,False,False,special,,1.0
микроволновая печь lg ms2042 db,Микроволновая печь LG MS2042DB,LG,LG,38,brand_in_query,1.0,1.0,1,1,True,False,False,high,,1.0
хонор 600 256 гб,хонор 600 256гб,HONOR,HONOR,25,alias_hint,1.0,1.0,1,1,True,True,False,high,,1.0
android приставка,android приставка,NO_BRAND,Rombica,65,category_only,0.5639097744360902,1.0,5,3,False,False,True,special,iconBIT,0.20300751879699244
hisense 75e7 s,Hisense 75e7s,Hisense,Hisense,29,brand_in_query,1.0,1.0,1,1,True,False,False,high,,1.0
bosch bgs05a222,bosch bgs05a222,Bosch,Bosch,9,brand_in_query,1.0,1.0,3,1,True,False,False,high,,1.0
gbl,gbl,NO_BRAND,JBL,65,category_only,1.0,1.0,3,1,False,False,True,special,,1.0
модем,Модем,NO_BRAND,Brovi,65,category_only,0.7070782850069395,1.0,13,4,False,False,True,special,HUAWEI,0.47768289834940453
polaris 2050 мясорубка,polaris  2050 мясорубка,Polaris,Polaris,48,brand_in_query,1.0,1.0,1,1,True,False,False,high,,1.0
xiaomi vacuum cleaner g9 plus g10 plus,Xiaomi Vacuum Cleaner G9 Plus / G10 Plus,Xiaomi,Xiaomi,62,alias_hint,1.0,1.0,1,1,True,True,False,high,,1.0
снегоуборщики бензиновые,снегоуборщики бензиновые,NO_BRAND,Patriot,65,category_only,0.3109764892542911,1.0,9,5,False,False,True,special,Redverg,0.05711813067935962
планшет huawei matepad 11.5 2025 8 256 gb papermatte серый клавиатура,"Планшет HUAWEI MatePad 11.5"" 2025 8/256GB  Papermatte серый   клавиатура",HUAWEI,HUAWEI,26,alias_hint,1.0,1.0,1,1,True,True,False,high,,1.0
кофемашина автоматическая nivona 5 серия,Кофемашина автоматическая Nivona 5 серия,UNKNOWN,Nivona,66,ood_brand_surface,1.0,0.9,1,1,True,False,False,special,,1.0
микроволновая печь саммунг,микроволновая печь саммунг,NO_BRAND,Samsung,65,category_only,1.0,1.0,1,1,False,False,True,special,,1.0
монитор для компьютера 27 игровой,монитор для компьютера 27 игровой,UNKNOWN,Carrera,66,ambiguous_clicks,0.4749201881997054,0.9,8,7,False,False,False,special,Samsung,0.32364931343979925
чайник тефаль лофт,чайник тефаль лофт,NO_BRAND,Tefal,65,category_only,1.0,1.0,1,1,False,False,True,special,,1.0
роботы пылесосы с влажной,роботы пылесосы с влажной,UNKNOWN,Roborock,66,ambiguous_clicks,0.22257160589893266,0.9,27,12,False,False,False,special,RED SOLUTION,0.07968613050702525
телевизоры сбер,телевизоры сбер,NO_BRAND,Sber,65,category_only,1.0,1.0,3,1,False,False,True,special,,1.0
сетевое устройство samsung,сетевое устройство samsung,Samsung,Samsung,52,alias_hint,1.0,1.0,1,1,True,True,False,high,,1.0
lg ms2042 db микроволновая печь 700 вт черная,"LG MS2042DB Микроволновая печь, 700 Вт, черная",LG,LG,38,brand_in_query,1.0,1.0,1,1,True,False,False,high,,1.0
16 iphone 256 gb,16 iphone 256 gb,Apple,Apple,2,alias_hint,1.0,1.0,1,1,True,True,False,high,,1.0
монитор xiaomi 23.8 redmi g24 240 hz,Монитор xiaomi 23.8 redmi G24 240hz,Xiaomi,Xiaomi,62,alias_hint,1.0,1.0,1,1,True,True,False,high,,1.0
смартфоны poco f8 pro,смартфоны poco f8 pro,Xiaomi,POCO,62,alias_hint,1.0,1.0,1,1,True,True,False,high,,1.0
нож тефаль,Нож тефаль,NO_BRAND,Tefal,65,category_only,1.0,1.0,3,1,False,False,True,special,,1.0
часы huawei gt 5,Часы huawei gt 5,HUAWEI,HUAWEI,26,alias_hint,1.0,1.0,1,1,True,True,False,high,,1.0
клавиатура razer,клавиатура razer,UNKNOWN,Razer,66,ood_brand_surface,0.8648648648648648,0.9,3,2,True,False,False,special,A4Tech,0.7297297297297297
xiaomi smart bend 10 pro,xiaomi smart bend 10 pro,Xiaomi,Xiaomi,62,alias_hint,1.0,1.0,1,1,True,True,False,high,,1.0
роботы пылесосы roborock вертикальный,роботы пылесосы roborock вертикальный,NO_BRAND,Roborock,65,category_only,1.0,1.0,1,1,True,False,True,special,,1.0
посудомоечные машины carrera,посудомоечные машины carrera,NO_BRAND,Krona,65,category_only,1.0,1.0,1,1,False,False,True,special,,1.0
кондиционер портативный,кондиционер портативный,NO_BRAND,WJB,65,category_only,0.8133595284872299,1.0,4,2,False,False,True,special,AERLU,0.6267190569744597
холодильники side side toshiba,холодильники side side toshiba,Toshiba,Toshiba,61,alias_hint,1.0,1.0,2,1,True,True,False,high,,1.0
устройство aukey,устройство aukey,UNKNOWN,Aukey,66,ood_brand_surface,1.0,0.9,1,1,True,False,False,special,,1.0
телевизор haier 43 smart tv s2,телевизор haier 43 smart tv s2,Haier,Haier,27,alias_hint,1.0,1.0,1,1,True,True,False,high,,1.0
huawei pura80,huawei pura80,HUAWEI,HUAWEI,26,alias_hint,1.0,1.0,1,1,True,True,False,high,,1.0
погружные блендеры moulinex,погружные блендеры moulinex,NO_BRAND,Moulinex,65,category_only,1.0,1.0,14,1,True,False,True,special,,1.0
samsung телевизоры 32 со смарт,samsung телевизоры 32 со смарт,Samsung,Samsung,52,alias_hint,1.0,1.0,2,1,True,True,False,high,,1.0
робот-пылесос xiaomi robot vacuum 5 pro,Робот-пылесос Xiaomi Robot Vacuum 5 Pro,Xiaomi,Xiaomi,62,alias_hint,1.0,1.0,1,1,True,True,False,high,,1.0
ссд накопитель,ссд накопитель,UNKNOWN,Netac,66,ambiguous_clicks,0.3609647906847796,0.9,5,5,False,False,False,special,AMD Radeon,0.0
фен щетки с вращающейся насадкой carrera,фен щетки с вращающейся насадкой carrera,Carrera,Carrera,14,brand_in_query,1.0,1.0,1,1,True,False,False,high,,1.0
samsung а 57,samsung а 57,Samsung,Samsung,52,alias_hint,1.0,1.0,7,1,True,True,False,high,,1.0
zone 51,zone 51,UNKNOWN,ZONE 51,66,ood_brand_surface,1.0,0.9,15,1,True,False,False,special,,1.0
внешний аккумулятор deppa 10000,внешний аккумулятор deppa 10000,Deppa,Deppa,18,brand_in_query,1.0,1.0,1,1,True,False,False,high,,1.0
гриль braun,гриль braun,Braun,Braun,10,brand_in_query,1.0,1.0,1,1,True,False,False,high,,1.0
сплит-система инверторная haier as20hsl1 hra w 1u20hsl1 fra 7 k btu охлаждение обогрев с wi fi,Сплит-система инверторная Haier AS20HSL1HRA-W/1U20HSL1FRA 7K BTU охлаждение/обогрев с Wi Fi,Haier,Haier,27,alias_hint,1.0,1.0,1,1,True,True,False,high,,1.0
чехол для айфон 16 про макс,Чехол для айфон 16 про макс,Apple,vlp,2,alias_hint,0.8933333333333334,0.8933333333333334,2,2,False,True,False,high,Krutoff,0.7866666666666667
вентилятор колонный brayer br4958 bk,Вентилятор колонный Brayer BR4958BK,Brayer,Brayer,11,brand_in_query,1.0,1.0,1,1,True,False,False,high,,1.0
телевизор с андроид,телевизор с андроид,NO_BRAND,Li TV,65,category_only,1.0,1.0,1,1,False,False,True,special,,1.0
