query_norm,query_raw,brand,click_brand,label_id,label_reason,confidence,sample_weight,n_clicks,n_brands,brand_in_query,has_alias,is_category_only,tier,runner_up,weight_margin,pred,pred_reject
авторегистратор,авторегистратор,UNKNOWN,Navitel,66,ambiguous_clicks,0.4775312535195405,0.9,7,5,False,False,False,special,Intego,0.11938281337988516,NO_BRAND,NO_BRAND
встроенный холодильник gorenje,встроенный холодильник gorenje,NO_BRAND,Gorenje,65,category_only,1.0,1.0,1,1,True,False,True,special,,1.0,Gorenje,Gorenje
мойка воздуха dreame,Мойка воздуха dreame,NO_BRAND,Dreame,65,category_only,1.0,1.0,1,1,True,False,True,special,,1.0,Dreame,Dreame
панель индукционная kuppersberg,панель индукционная kuppersberg,NO_BRAND,Kuppersberg,65,category_only,1.0,1.0,1,1,True,False,True,special,,1.0,Kuppersberg,Kuppersberg
ручной отпариватель gressel gsi-2380,Ручной отпариватель Gressel GSI-2380,UNKNOWN,Gressel,66,ood_brand_surface,1.0,0.9,1,1,True,False,False,special,,1.0,NO_BRAND,NO_BRAND
набор кухонных ножей tefal,набор кухонных ножей tefal,Tefal,Tefal,59,brand_in_query,1.0,1.0,4,1,True,False,False,high,,1.0,NO_BRAND,NO_BRAND
фотокамера sony беззеркальный,фотокамера sony беззеркальный,Sony,Sony,55,brand_in_query,1.0,1.0,1,1,True,False,False,high,,1.0,NO_BRAND,NO_BRAND
яндекс дропс наушники,Яндекс дропс наушники,UNKNOWN,Яндекс,66,low_conf_with_evidence,0.5,0.9,2,2,True,False,False,special,beets,0.0,Яндекс,Яндекс
трос буксировочный,трос буксировочный,UNKNOWN,нет,66,ambiguous_clicks,0.41025641025641024,0.9,8,5,False,False,False,special,Goodyear,0.1465201465201465,NO_BRAND,NO_BRAND
беспроводной ручной вертикальный моющий пылесос dreame,беспроводной ручной вертикальный моющий пылесос dreame,Dreame,Dreame,19,brand_in_query,1.0,1.0,2,1,True,False,False,high,,1.0,NO_BRAND,NO_BRAND
аккумулятор доя газонокосилки gardena,Аккумулятор доя газонокосилки Gardena,UNKNOWN,Gardena,66,ood_brand_surface,1.0,0.9,1,1,True,False,False,special,,1.0,NO_BRAND,NO_BRAND
стиральная машинка gorenje узкая,стиральная машинка gorenje узкая,NO_BRAND,Gorenje,65,category_only,1.0,1.0,5,1,True,False,True,special,,1.0,Gorenje,Gorenje
электрические зубные щетки revyline,электрические зубные щетки revyline,UNKNOWN,Revyline,66,ood_brand_surface,1.0,0.9,10,1,True,False,False,special,,1.0,NO_BRAND,NO_BRAND
вытяжки кухонные krona,вытяжки кухонные krona,NO_BRAND,Krona,65,category_only,1.0,1.0,3,1,True,False,True,special,,1.0,Krona,NO_BRAND
раковина,раковина,NO_BRAND,Orange,65,category_only,0.3817607310699685,1.0,23,8,False,False,True,special,Stella Polar,0.17627606789259564,UNKNOWN,UNKNOWN
бензогенератор,бензогенератор,UNKNOWN,Patriot,66,ambiguous_clicks,0.4222916001693199,0.9,5,5,False,False,False,special,Ресанта,0.05278645002116497,NO_BRAND,NO_BRAND
гайковерт ударный аккумулятор,гайковерт ударный аккумулятор,UNKNOWN,WJB,66,ambiguous_clicks,0.28571428571428575,0.9,4,4,False,False,False,special,FoxWeld,0.0,NO_BRAND,NO_BRAND
нож для мясорубки,нож для мясорубки,NO_BRAND,Topperr,65,category_only,0.5714285714285715,1.0,3,2,False,False,True,special,Zumman,0.14285714285714285,UNKNOWN,UNKNOWN
кондиционер сплит система инверторная 18,кондиционер сплит система инверторная 18,UNKNOWN,ecoclima,66,ambiguous_clicks,0.3380281690140845,0.9,4,4,False,False,False,special,Haier,0.04225352112676054,NO_BRAND,NO_BRAND
портативная зарядная станция ecoflow,портативная зарядная станция EcoFlow,UNKNOWN,EcoFlow,66,ood_brand_surface,1.0,0.9,1,1,True,False,False,special,,1.0,NO_BRAND,NO_BRAND
de dietrich варочная панель,DE DIETRICH варочная панель,UNKNOWN,De Dietrich,66,ood_brand_surface,1.0,0.9,1,1,True,False,False,special,,1.0,NO_BRAND,NO_BRAND
сплит система инверторная tcl,сплит система инверторная tcl,TCL,TCL,56,brand_in_query,1.0,1.0,1,1,True,False,False,high,,1.0,NO_BRAND,NO_BRAND
вентилятор напольный с пультом,вентилятор напольный с пультом,UNKNOWN,Ami,66,ambiguous_clicks,0.42177763554050796,0.9,119,21,False,False,False,special,Primera,0.2599767883999651,NO_BRAND,NO_BRAND
стиральная машинка узкая gorenje,стиральная машинка узкая gorenje,NO_BRAND,Gorenje,65,category_only,1.0,1.0,2,1,True,False,True,special,,1.0,Gorenje,Gorenje
плиты gefest комбинированные,плиты gefest комбинированные,NO_BRAND,Gefest,65,category_only,1.0,1.0,1,1,True,False,True,special,,1.0,Gefest,Gefest
весы picooc,Весы Picooc,UNKNOWN,Picooc,66,ood_brand_surface,1.0,0.9,1,1,True,False,False,special,,1.0,NO_BRAND,NO_BRAND
встраиваемый электрический духовой шкаф krona,встраиваемый электрический духовой шкаф krona,Krona,Krona,36,brand_in_query,1.0,1.0,2,1,True,False,False,high,,1.0,NO_BRAND,NO_BRAND
капсульные кофеварки maunfeld,капсульные кофеварки maunfeld,Maunfeld,Maunfeld,41,brand_in_query,1.0,1.0,1,1,True,False,False,high,,1.0,NO_BRAND,NO_BRAND
телевизоры яндекс алиса,телевизоры яндекс алиса,NO_BRAND,Яндекс,65,category_only,1.0,1.0,2,1,True,False,True,special,,1.0,Яндекс,Яндекс
электронная книга digma k2,Электронная книга Digma K2,UNKNOWN,Digma,66,ood_brand_surface,1.0,0.9,1,1,True,False,False,special,,1.0,NO_BRAND,NO_BRAND
портативная музыкальная мини система jbl,портативная музыкальная мини система jbl,JBL,JBL,32,brand_in_query,1.0,1.0,1,1,True,False,False,high,,1.0,NO_BRAND,NO_BRAND
мультипекарь hi,мультипекарь hi,Hi,Hi,28,brand_in_query,1.0,1.0,1,1,True,False,False,high,,1.0,NO_BRAND,NO_BRAND
авто холодильники,авто холодильники,UNKNOWN,EZ Coolers,66,ambiguous_clicks,0.4191682587871967,0.9,7,6,False,False,False,special,Brayer,0.20209898191525555,NO_BRAND,NO_BRAND
мантоварка,мантоварка,UNKNOWN,Добрыня,66,ambiguous_clicks,0.39948319842750973,0.9,14,6,False,False,False,special,Maestro,0.15812876604422257,NO_BRAND,NO_BRAND
фитнес браслет google,фитнес браслет google,NO_BRAND,Google,65,category_only,1.0,1.0,1,1,True,False,True,special,,1.0,UNKNOWN,UNKNOWN
кабель tfn,кабель TFN,UNKNOWN,TFN,66,ood_brand_surface,1.0,0.9,1,1,True,False,False,special,,1.0,NO_BRAND,NO_BRAND
встраиваемые газовые панели midea,встраиваемые газовые панели midea,Midea,Midea,42,brand_in_query,1.0,1.0,2,1,True,False,False,high,,1.0,NO_BRAND,NO_BRAND
стиральная машина candy,стиральная машина candy,NO_BRAND,Candy,65,category_only,1.0,1.0,44,1,True,False,True,special,,1.0,Candy,Candy
steam deck,steam deck,NO_BRAND,Valve,65,category_only,0.9930212135462906,1.0,46,3,False,False,True,special,GameSpot,0.9889360702563144,UNKNOWN,UNKNOWN
кондиционер сплит система инвертор lg,кондиционер сплит система инвертор lg,LG,LG,38,brand_in_query,1.0,1.0,1,1,True,False,False,high,,1.0,NO_BRAND,NO_BRAND
вытяжка graude,вытяжка graude,UNKNOWN,Graude,66,ood_brand_surface,1.0,0.9,2,1,True,False,False,special,,1.0,NO_BRAND,NO_BRAND
кусторезы аккумуляторные,кусторезы аккумуляторные,UNKNOWN,нет бренда,66,ambiguous_clicks,0.4067841661811363,0.9,9,5,False,False,False,special,Huter,0.06490357123012032,NO_BRAND,NO_BRAND
электрические чайники philips circle,электрические чайники Philips circle,Philips,Philips,46,brand_in_query,1.0,1.0,1,1,True,False,False,high,,1.0,NO_BRAND,NO_BRAND
кресло игровое thunderobot,кресло игровое thunderobot,NO_BRAND,Thunderobot,65,category_only,1.0,1.0,2,1,True,False,True,special,,1.0,Thunderobot,Thunderobot
печка,печка,UNKNOWN,Oursson,66,ambiguous_clicks,0.3466996856843509,0.9,6,6,False,False,False,special,Horizont,0.13867987427374032,NO_BRAND,NO_BRAND
фильтр graude,Фильтр graude,UNKNOWN,Graude,66,ood_brand_surface,1.0,0.9,1,1,True,False,False,special,,1.0,NO_BRAND,NO_BRAND
встраиваемые посудомоечные машины gorenje,встраиваемые посудомоечные машины gorenje,NO_BRAND,Gorenje,65,category_only,1.0,1.0,2,1,True,False,True,special,,1.0,Gorenje,NO_BRAND
встраиваемые холодильники без морозильной камеры,встраиваемые холодильники без морозильной камеры,UNKNOWN,Beraum,66,ambiguous_clicks,0.4635553224960671,0.9,5,3,False,False,False,special,Ascoli,0.1854221289984268,NO_BRAND,NO_BRAND
антивирус,антивирус,NO_BRAND,Kaspersky,65,category_only,0.5236907730673317,1.0,8,3,False,False,True,special,Dr.Web,0.12219451371571076,UNKNOWN,UNKNOWN
колонка яндекс станция,колонка яндекс станция,NO_BRAND,Яндекс,65,category_only,1.0,1.0,1,1,True,False,True,special,,1.0,Яндекс,Яндекс
стиральная машина beko,стиральная машина beko,NO_BRAND,Beko,65,category_only,0.9692371966722654,1.0,56,2,True,False,True,special,Haier,0.9384743933445308,Beko,Beko
стиральная машинка стиральная машинка candy aqua 114 д-2,стиральная машинка стиральная машинка candy aqua 114д-2,Candy,Candy,12,brand_in_query,1.0,1.0,1,1,True,False,False,high,,1.0,NO_BRAND,NO_BRAND
восстановленный телевизор tcl,восстановленный телевизор tcl,NO_BRAND,TCL,65,category_only,1.0,1.0,1,1,True,False,True,special,,1.0,TCL,TCL
одежда,одежда,NO_BRAND,FORESTXS,65,category_only,0.32302726190069153,1.0,8,7,False,False,True,special,ZaslonArmy,0.1076757539668972,UNKNOWN,UNKNOWN
беспроводная зарядка deppa,беспроводная зарядка deppa,NO_BRAND,Deppa,65,category_only,1.0,1.0,4,1,True,False,True,special,,1.0,Deppa,Deppa
удлинитель legrand,удлинитель legrand,UNKNOWN,Legrand,66,ood_brand_surface,1.0,0.9,6,1,True,False,False,special,,1.0,NO_BRAND,NO_BRAND
микроволновая jvc,микроволновая JVC,UNKNOWN,JVC,66,ood_brand_surface,1.0,0.9,1,1,True,False,False,special,,1.0,NO_BRAND,NO_BRAND
машинка для стрижки волос braun,машинка для стрижки волос braun,UNKNOWN,Braun,66,low_conf_with_evidence,0.5,0.9,2,2,True,False,False,special,Brayer,0.0,Braun,Braun
philips avent,philips avent,UNKNOWN,Philips Avent,66,ood_brand_surface,1.0,0.9,2,1,True,False,False,special,,1.0,Philips,Philips
электрошвабра,электрошвабра,UNKNOWN,Polaris,66,ambiguous_clicks,0.3840706590648369,0.9,8,5,False,False,False,special,VOXLEN,0.12438652026531648,NO_BRAND,NO_BRAND
стиральная машинка centek,стиральная машинка centek,NO_BRAND,Centek,65,category_only,1.0,1.0,2,1,True,False,True,special,,1.0,Centek,NO_BRAND
стиральная машина узкая candy,стиральная машина узкая candy,NO_BRAND,Candy,65,category_only,1.0,1.0,1,1,True,False,True,special,,1.0,Candy,Candy
панель индукционная lg,панель индукционная lg,NO_BRAND,Gorenje,65,category_only,1.0,1.0,1,1,False,False,True,special,,1.0,LG,NO_BRAND
электро самокат kugoo макс пид,электро самокат kugoo макс пид,UNKNOWN,Kugoo,66,ood_brand_surface,1.0,0.9,1,1,True,False,False,special,,1.0,NO_BRAND,NO_BRAND
вакуматор,Вакуматор,UNKNOWN,Spectra Line,66,ambiguous_clicks,0.19805315177757746,0.9,40,18,False,False,False,special,STONBERG,0.02616555866980192,NO_BRAND,NO_BRAND
паровой очиститель karcher,паровой очиститель karcher,NO_BRAND,Karcher,65,category_only,1.0,1.0,2,1,True,False,True,special,,1.0,Karcher,Karcher
колонка большая,колонка большая,UNKNOWN,MEG,66,ambiguous_clicks,0.39796729594844715,0.9,14,7,False,False,False,special,WJB,0.16730655485663673,NO_BRAND,NO_BRAND
газовые плиты gefest ретро,газовые плиты Gefest ретро,Gefest,Gefest,22,brand_in_query,1.0,1.0,2,1,True,False,False,high,,1.0,NO_BRAND,NO_BRAND
подставка для телефона,подставка для телефона,UNKNOWN,Samsung,66,ambiguous_clicks,0.4391045710707577,0.9,5,5,False,False,False,special,Magssory,0.14636819035691925,NO_BRAND,NO_BRAND
кухонные ножи tefal,кухонные ножи tefal,NO_BRAND,Tefal,65,category_only,1.0,1.0,2,1,True,False,True,special,,1.0,Tefal,Tefal
беспроводные колонки jbl,Беспроводные колонки JBL,NO_BRAND,JBL,65,category_only,1.0,1.0,1,1,True,False,True,special,,1.0,JBL,JBL
электрические зубные щетки philips,электрические зубные щетки philips,Philips,Philips,46,brand_in_query,0.9247615208921135,0.9247615208921135,13,2,True,False,False,high,Moonstar,0.8495230417842268,NO_BRAND,NO_BRAND
стиральная машина узкая lg,стиральная машина узкая lg,NO_BRAND,LG,65,category_only,1.0,1.0,3,1,True,False,True,special,,1.0,LG,LG
водонагреватель газовый thermex,водонагреватель газовый thermex,NO_BRAND,Thermex,65,category_only,1.0,1.0,1,1,True,False,True,special,,1.0,UNKNOWN,UNKNOWN
сушильная машина hotpoint tdh 99 v b,Сушильная машина Hotpoint TDH 99V B,UNKNOWN,HotPoint,66,ood_brand_surface,1.0,0.9,1,1,True,False,False,special,,1.0,NO_BRAND,NO_BRAND
стиральная машина indesit,стиральная машина indesit,NO_BRAND,Indesit,65,category_only,1.0,1.0,33,1,True,False,True,special,,1.0,Indesit,Indesit
фен щетка polaris,фен щетка polaris,NO_BRAND,Polaris,65,category_only,1.0,1.0,3,1,True,False,True,special,,1.0,Polaris,NO_BRAND
стиральная машинка kuppersberg,стиральная машинка kuppersberg,NO_BRAND,Kuppersberg,65,category_only,1.0,1.0,7,1,True,False,True,special,,1.0,Kuppersberg,Kuppersberg
тонометр автоматический,тонометр автоматический,UNKNOWN,OMRON,66,ambiguous_clicks,0.4542857142857143,0.9,8,4,False,False,False,special,WJB,0.19714285714285712,NO_BRAND,NO_BRAND
пароочиститель karcher ручной,пароочиститель karcher ручной,NO_BRAND,Karcher,65,category_only,1.0,1.0,1,1,True,False,True,special,,1.0,Karcher,Karcher
сетевой фильтр deppa,сетевой фильтр deppa,NO_BRAND,Deppa,65,category_only,1.0,1.0,1,1,True,False,True,special,,1.0,Deppa,Deppa
сушильная машина midea,сушильная машина midea,NO_BRAND,Midea,65,category_only,1.0,1.0,9,1,True,False,True,special,,1.0,Midea,Midea
телефон раскладушка,телефон раскладушка,UNKNOWN,4MOBILE,66,ambiguous_clicks,0.3448018380241241,0.9,4,3,False,False,False,special,Olmio,0.015249856404365311,NO_BRAND,NO_BRAND
dyson беспроводной вертикальный пылесос v8 advanced,"Dyson Беспроводной вертикальный пылесос V8 Advanced,",Dyson,Dyson,20,brand_in_query,1.0,1.0,1,1,True,False,False,high,,1.0,NO_BRAND,NO_BRAND
кофеварка электрическая gorenje,кофеварка электрическая gorenje,NO_BRAND,Gorenje,65,category_only,1.0,1.0,1,1,True,False,True,special,,1.0,Gorenje,Gorenje
зарядка на айфон,зарядка на айфон,UNKNOWN,нет бренда,66,low_conf_with_evidence,0.31390134529147984,0.9,6,4,False,True,False,special,Wireless,0.0,Apple,Apple
встраиваемая варочная панель электрическая gorenje,встраиваемая варочная панель электрическая gorenje,Gorenje,Gorenje,23,brand_in_query,1.0,1.0,5,1,True,False,False,high,,1.0,NO_BRAND,NO_BRAND
встраиваемая микроволновая печь 45 см,встраиваемая микроволновая печь 45см,UNKNOWN,Maunfeld,66,ambiguous_clicks,0.4054054054054054,0.9,3,3,False,False,False,special,GARTZ,0.08108108108108106,NO_BRAND,NO_BRAND
инверторный кондиционер сплит система lg,инверторный кондиционер сплит система lg,LG,LG,38,brand_in_query,1.0,1.0,4,1,True,False,False,high,,1.0,NO_BRAND,NO_BRAND
стерилизаторы бутылочек,стерилизаторы бутылочек,UNKNOWN,Maman,66,ambiguous_clicks,0.499320652173913,0.9,11,5,False,False,False,special,Kitfort,0.14266304347826086,NO_BRAND,NO_BRAND
dreame trouver j30,dreame trouver j30,UNKNOWN,Dreame Trouver,66,ood_brand_surface,1.0,0.9,1,1,True,False,False,special,,1.0,Dreame,Dreame
смарт приставка sber,смарт приставка sber,NO_BRAND,Sber,65,category_only,1.0,1.0,1,1,True,False,True,special,,1.0,Sber,NO_BRAND
korting сушильная,Korting сушильная,UNKNOWN,Korting,66,ood_brand_surface,1.0,0.9,1,1,True,False,False,special,,1.0,NO_BRAND,NO_BRAND
polar,Polar,UNKNOWN,Polar,66,ood_brand_surface,1.0,0.9,1,1,True,False,False,special,,1.0,Polaris,Polaris
кофеварка капельная polaris,кофеварка капельная Polaris,NO_BRAND,Blackton,65,category_only,1.0,1.0,1,1,False,False,True,special,,1.0,Polaris,NO_BRAND
варочная панель индукционная kuppersberg,варочная панель индукционная kuppersberg,NO_BRAND,Kuppersberg,65,category_only,1.0,1.0,12,1,True,False,True,special,,1.0,Kuppersberg,NO_BRAND
встраиваемый электрический духовой шкаф 45,встраиваемый электрический духовой шкаф 45,UNKNOWN,Krona,66,ambiguous_clicks,0.40917305812434923,0.9,25,10,False,False,False,special,LEX,0.26977952307872227,NO_BRAND,NO_BRAND
sony cyber shot dsc wx150 10 x optical zoom 18.2 mp,Sony Cyber-shot DSC-WX150 10X Optical Zoom 18.2MP,Sony,Sony,55,brand_in_query,1.0,1.0,1,1,True,False,False,high,,1.0,UNKNOWN,UNKNOWN
apple mac ноутбук,apple mac ноутбук,NO_BRAND,Apple,65,category_only,0.9902939425487063,1.0,144,2,True,False,True,special,Krutoff,0.9805878850974126,Apple,Apple
встраиваемая посудомоечная машина midea,Встраиваемая посудомоечная машина Midea,NO_BRAND,Midea,65,category_only,1.0,1.0,1,1,True,False,True,special,,1.0,Midea,Midea
электрические чайники хайер,электрические чайники хайер,Haier,Haier,27,alias_hint,1.0,1.0,1,1,True,True,False,high,,1.0,NO_BRAND,NO_BRAND
наушники беспроводные sony,наушники беспроводные sony,NO_BRAND,Sony,65,category_only,1.0,1.0,5,1,True,False,True,special,,1.0,Sony,Sony
духовой шкаф hisense,духовой шкаф hisense,NO_BRAND,Hisense,65,category_only,1.0,1.0,11,1,True,False,True,special,,1.0,Hisense,Hisense
внешний жесткий диск ssd 1 тб,внешний жесткий диск ssd 1тб,UNKNOWN,ADATA,66,ambiguous_clicks,0.3625235404896422,0.9,5,4,False,False,False,special,Seagate,0.031073446327683628,NO_BRAND,NO_BRAND
встраиваемый электрический духовой шкаф hotpoint,встраиваемый электрический духовой шкаф hotpoint,UNKNOWN,Hotpoint,66,ood_brand_surface,1.0,0.9,1,1,True,False,False,special,,1.0,NO_BRAND,NO_BRAND
инверторный кондиционер сплит система 7,инверторный кондиционер сплит система 7,UNKNOWN,Rapid,66,ambiguous_clicks,0.36856393543932076,0.9,15,11,False,False,False,special,Atlas,0.16953941030208752,NO_BRAND,NO_BRAND
встраиваемый духовой шкаф gorenje,встраиваемый духовой шкаф gorenje,NO_BRAND,Gorenje,65,category_only,1.0,1.0,2,1,True,False,True,special,,1.0,Gorenje,Gorenje
стиральная машина gorenje,стиральная машина gorenje,NO_BRAND,Gorenje,65,category_only,1.0,1.0,35,1,True,False,True,special,,1.0,Gorenje,Gorenje
наушники jbl детские,наушники jbl детские,NO_BRAND,JBL,65,category_only,1.0,1.0,1,1,True,False,True,special,,1.0,JBL,NO_BRAND
смартфон iqoo neo,Смартфон iQOO Neo,NO_BRAND,iQOO,65,category_only,1.0,1.0,2,1,True,False,True,special,,1.0,UNKNOWN,UNKNOWN
автомобильные колонки 13 см,автомобильные колонки 13 см,UNKNOWN,DEAF BONCE,66,ambiguous_clicks,0.3786508496738219,0.9,8,5,False,False,False,special,Edge,0.13059441636149155,NO_BRAND,NO_BRAND
рожковая кофеварка delonghi,рожковая кофеварка delonghi,NO_BRAND,DeLonghi,65,category_only,1.0,1.0,1,1,True,False,True,special,,1.0,DeLonghi,NO_BRAND
оверлок,оверлок,NO_BRAND,Janome,65,category_only,0.423491039586836,1.0,12,6,False,False,True,special,Necchi,0.15659891465718048,UNKNOWN,UNKNOWN
духовой шкаф kuppersberg тонированный,духовой шкаф kuppersberg тонированный,Kuppersberg,Kuppersberg,37,brand_in_query,1.0,1.0,1,1,True,False,False,high,,1.0,NO_BRAND,NO_BRAND
кабель usb type c hdmi,кабель usb type c hdmi,UNKNOWN,Rexant,66,ambiguous_clicks,0.375,0.9,3,3,False,False,False,special,Netac,0.0,NO_BRAND,NO_BRAND
плита комбинированная gorenje,Плита комбинированная Gorenje,NO_BRAND,Gorenje,65,category_only,1.0,1.0,1,1,True,False,True,special,,1.0,Gorenje,Gorenje
триммер садовый аккумуляторный для травы,триммер садовый аккумуляторный для травы,UNKNOWN,Krotof,66,ambiguous_clicks,0.16283975605591536,0.9,124,20,False,False,False,special,Huter,0.031986821717829954,NO_BRAND,NO_BRAND
bosch диск терка,bosch диск терка,NO_BRAND,Bosch,65,category_only,1.0,1.0,1,1,True,False,True,special,,1.0,Bosch,Bosch
электрическая плита с духовкой,электрическая плита с духовкой,UNKNOWN,Gorenje,66,ambiguous_clicks,0.4082665607479886,0.9,295,13,False,False,False,special,Flama,0.036858134860670376,NO_BRAND,NO_BRAND
накопительные водонагреватели thermex,накопительные водонагреватели thermex,NO_BRAND,Thermex,65,category_only,1.0,1.0,5,1,True,False,True,special,,1.0,UNKNOWN,UNKNOWN
кабель lightning baseus,кабель lightning baseus,NO_BRAND,Baseus,65,category_only,1.0,1.0,2,1,True,False,True,special,,1.0,Baseus,Baseus
посудомоечная машина hisense,посудомоечная машина hisense,NO_BRAND,Hisense,65,category_only,1.0,1.0,1,1,True,False,True,special,,1.0,Hisense,Hisense
dreame моющий пылесос,Dreame моющий пылесос,NO_BRAND,Dreame,65,category_only,1.0,1.0,1,1,True,False,True,special,,1.0,Dreame,Dreame
беспроводной утюг с отпариванием,беспроводной утюг с отпариванием,UNKNOWN,Polaris,66,ambiguous_clicks,0.41160457338414874,0.9,6,4,False,False,False,special,Garlyn,0.05460060667340751,NO_BRAND,NO_BRAND
холодильники ardo,холодильники ardo,UNKNOWN,Ardo,66,ood_brand_surface,1.0,0.9,1,1,True,False,False,special,,1.0,NO_BRAND,NO_BRAND
робот-пылесос okami r120,Робот-пылесос Okami R120,UNKNOWN,Okami,66,ood_brand_surface,1.0,0.9,1,1,True,False,False,special,,1.0,NO_BRAND,NO_BRAND
смартфоны apple мини,смартфоны apple мини,NO_BRAND,Apple,65,category_only,1.0,1.0,1,1,True,False,True,special,,1.0,Apple,Apple
дрели шуруповерты аккумуляторные,дрели шуруповерты аккумуляторные,UNKNOWN,Zerten,66,ambiguous_clicks,0.2794036219262045,0.9,10,10,False,False,False,special,Rokodil,0.0,NO_BRAND,NO_BRAND
наушники беспроводные philips,наушники беспроводные philips,NO_BRAND,Philips,65,category_only,1.0,1.0,1,1,True,False,True,special,,1.0,Philips,Philips
посудомоечные машины electrolux,посудомоечные машины electrolux,NO_BRAND,Electrolux,65,category_only,1.0,1.0,1,1,True,False,True,special,,1.0,Electrolux,NO_BRAND
weissgauff wmd 6148 dc inverter steam beko b3dfr57h23 w,Weissgauff WMD 6148 DC Inverter Steam Beko B3DFR57H23W,Beko,Beko,8,brand_in_query,1.0,1.0,1,1,True,False,False,high,,1.0,UNKNOWN,UNKNOWN
стиральная машина hisense wfqp7012 vm с фронтальной загрузкой 7 кг 1200 об мин с паром инверторная,"Стиральная машина Hisense WFQP7012VM, с фронтальной загрузкой, 7кг, 1200об/мин, с паром, инверторная",Hisense,Hisense,29,brand_in_query,1.0,1.0,1,1,True,False,False,high,,1.0,UNKNOWN,UNKNOWN
посуда,посуда,NO_BRAND,Tefal,65,category_only,0.2900477642191853,1.0,74,30,False,False,True,special,Hi,0.03651519691107835,UNKNOWN,UNKNOWN
системный блок treidcomputers,Системный блок treidcomputers,NO_BRAND,Treidcomputers,65,category_only,1.0,1.0,1,1,True,False,True,special,,1.0,UNKNOWN,UNKNOWN
игровая консоль sony playstation 4,игровая консоль sony playstation 4,PlayStation,PlayStation,47,brand_in_query,1.0,1.0,1,1,True,False,False,high,,1.0,Sony,Sony
dreame моющий пылесос вертикальный mova x40 pro моющий пылесос 21000 pa 70 минут максимальное время работы,"dreame моющий пылесос вертикальный mova x40 pro моющий пылесос 21000Pa, 70 минут максимальное время работы",Dreame,Dreame,19,brand_in_query,1.0,1.0,1,1,True,False,False,high,,1.0,NO_BRAND,NO_BRAND
системный блок texnom r3,Системный блок TEXNOM R3,UNKNOWN,TEXNOM,66,ood_brand_surface,1.0,0.9,1,1,True,False,False,special,,1.0,NO_BRAND,NO_BRAND
посудомоечная машина beko,посудомоечная машина beko,NO_BRAND,Beko,65,category_only,1.0,1.0,3,1,True,False,True,special,,1.0,Beko,Beko
донный клапан teymi,донный клапан teymi,UNKNOWN,Teymi,66,ood_brand_surface,1.0,0.9,1,1,True,False,False,special,,1.0,NO_BRAND,NO_BRAND
кулеры для воды напольные,кулеры для воды напольные,UNKNOWN,Aqua Work,66,ambiguous_clicks,0.32462416589359616,0.9,67,12,False,False,False,special,AEL,0.06238279558231791,NO_BRAND,NO_BRAND
умная розетка яндекс,умная розетка яндекс,NO_BRAND,Яндекс,65,category_only,1.0,1.0,1,1,True,False,True,special,,1.0,Яндекс,Яндекс
набор кастрюль для индукционнойбольшие наборы плиты tefal,набор кастрюль для индукционнойбольшие наборы плиты tefal,Tefal,Tefal,59,brand_in_query,1.0,1.0,1,1,True,False,False,high,,1.0,NO_BRAND,NO_BRAND
напольный пылесос philips с контейнером,напольный пылесос philips с контейнером,Philips,Philips,46,brand_in_query,1.0,1.0,1,1,True,False,False,high,,1.0,NO_BRAND,NO_BRAND
встраиваемая вытяжка krona,встраиваемая вытяжка krona,NO_BRAND,Krona,65,category_only,1.0,1.0,2,1,True,False,True,special,,1.0,Krona,Krona
накладные наушники jbl,Накладные наушники jbl,NO_BRAND,JBL,65,category_only,1.0,1.0,1,1,True,False,True,special,,1.0,JBL,JBL
пылесос ручной tefal,пылесос ручной tefal,NO_BRAND,Tefal,65,category_only,1.0,1.0,1,1,True,False,True,special,,1.0,Tefal,Tefal
беспроводной пылесос tefal,беспроводной пылесос tefal,NO_BRAND,Tefal,65,category_only,1.0,1.0,3,1,True,False,True,special,,1.0,Tefal,Tefal
gorenje микроволновая печь,Gorenje микроволновая печь,NO_BRAND,Gorenje,65,category_only,1.0,1.0,1,1,True,False,True,special,,1.0,Gorenje,Gorenje
роботы пылесосы с влажной уборкой,роботы пылесосы с влажной уборкой,UNKNOWN,Haier,66,ambiguous_clicks,0.2568679998688858,0.9,129,21,False,False,False,special,iBoto,0.07641396338578182,NO_BRAND,NO_BRAND
power bank baseus,power bank baseus,NO_BRAND,Baseus,65,category_only,1.0,1.0,1,1,True,False,True,special,,1.0,Baseus,Baseus
робот мойщик окон hobot 388,робот мойщик окон hobot 388,UNKNOWN,Hobot,66,ood_brand_surface,1.0,0.9,2,1,True,False,False,special,,1.0,NO_BRAND,NO_BRAND
кофе в зерна,кофе в зёрна,UNKNOWN,Coffesso,66,ambiguous_clicks,0.45044501840012346,0.9,5,4,False,False,False,special,Egoiste,0.13339246548960354,NO_BRAND,NO_BRAND
кофеварка рожковая delonghi,кофеварка рожковая delonghi,NO_BRAND,DeLonghi,65,category_only,1.0,1.0,14,1,True,False,True,special,,1.0,DeLonghi,NO_BRAND
телевизор саммсунг,телевизор саммсунг,NO_BRAND,Samsung,65,category_only,1.0,1.0,11,1,False,False,True,special,,1.0,Samsung,Samsung
usb хаб hoco,usb хаб hoco,UNKNOWN,Hoco,66,ood_brand_surface,1.0,0.9,1,1,True,False,False,special,,1.0,NO_BRAND,NO_BRAND
компактная посудомоечная машина comfee cdwc421 be i,Компактная посудомоечная машина Comfee CDWC421BE-i,UNKNOWN,Comfee,66,ood_brand_surface,1.0,0.9,1,1,True,False,False,special,,1.0,NO_BRAND,NO_BRAND
кронштейн для монитора настольный,кронштейн для монитора настольный,UNKNOWN,нет бренда,66,ambiguous_clicks,0.4803493449781659,0.9,4,3,False,False,False,special,ONKRON,0.15283842794759822,NO_BRAND,NO_BRAND
стиральная машинка. lg,стиральная машинка. LG,NO_BRAND,LG,65,category_only,1.0,1.0,1,1,True,False,True,special,,1.0,LG,LG
стиральная машинка candy под раковину,стиральная машинка candy под раковину,Candy,Candy,12,brand_in_query,1.0,1.0,2,1,True,False,False,high,,1.0,NO_BRAND,NO_BRAND
вентилятор напольный для дома,вентилятор напольный для дома,UNKNOWN,Ballu,66,ambiguous_clicks,0.3338763445248048,0.9,7,7,False,False,False,special,Ami,0.0,NO_BRAND,NO_BRAND
духовой шкаф электрический ginzzu hoe-219,Духовой шкаф электрический Ginzzu HOE-219,UNKNOWN,Ginzzu,66,ood_brand_surface,1.0,0.9,1,1,True,False,False,special,,1.0,NO_BRAND,NO_BRAND
beko bbis17300 bcs духовой шкаф,Beko BBIS17300BCS духовой шкаф,UNKNOWN,BEKO,66,ood_brand_surface,1.0,0.9,1,1,True,False,False,special,,1.0,Beko,Beko
кофемашинка,кофемашинка,UNKNOWN,DEMIAND,66,ambiguous_clicks,0.4207253886010363,0.9,4,4,False,False,False,special,UNISTELLAR,0.16027633851468054,NO_BRAND,NO_BRAND
электрический духовой шкаф bosch,электрический духовой шкаф bosch,NO_BRAND,Bosch,65,category_only,1.0,1.0,8,1,True,False,True,special,,1.0,Bosch,Bosch
ставр,ставр,UNKNOWN,Ставр,66,ood_brand_surface,1.0,0.9,1,1,True,False,False,special,,1.0,NO_BRAND,NO_BRAND
узкая стиральная машина lg,узкая стиральная машина lg,NO_BRAND,LG,65,category_only,1.0,1.0,1,1,True,False,True,special,,1.0,LG,LG
электрический проточный водонагреватель с душем,электрический проточный водонагреватель с душем,UNKNOWN,Electrolux,66,ambiguous_clicks,0.27952124635846237,0.9,57,13,False,False,False,special,Thermex,0.10085809852325553,NO_BRAND,NO_BRAND
пылесос напольный с мешком,пылесос напольный с мешком,UNKNOWN,Hyundai,66,ambiguous_clicks,0.32004741443176765,0.9,6,5,False,False,False,special,Bosch,0.05037783375314862,NO_BRAND,NO_BRAND
magssory беспроводное зарядное устройство,magssory беспроводное зарядное устройство,UNKNOWN,Magssory,66,ood_brand_surface,1.0,0.9,1,1,True,False,False,special,,1.0,NO_BRAND,NO_BRAND
tefal беспроводной вертикальный пылесос с подсветкой,tefal беспроводной вертикальный пылесос с подсветкой,Tefal,Tefal,59,brand_in_query,1.0,1.0,1,1,True,False,False,high,,1.0,NO_BRAND,NO_BRAND
динамики автомобильные 13 см,динамики автомобильные 13 см,UNKNOWN,SWAT,66,ambiguous_clicks,0.4927243912980838,0.9,10,6,False,False,False,special,DL Audio,0.2737357729433799,NO_BRAND,NO_BRAND
электрическая плита de luxe,электрическая плита de luxe,UNKNOWN,de luxe,66,ood_brand_surface,1.0,0.9,2,1,True,False,False,special,,1.0,NO_BRAND,NO_BRAND
кофеварка demiand rivo 7в1 автоматический капучинатор,"Кофеварка DEMIAND RIVO 7в1, автоматический капучинатор",DEMIAND,DEMIAND,16,brand_in_query,1.0,1.0,4,1,True,False,False,high,,1.0,NO_BRAND,NO_BRAND
капсульная кофемашина delonghi,капсульная кофемашина delonghi,NO_BRAND,DeLonghi,65,category_only,1.0,1.0,5,1,True,False,True,special,,1.0,DeLonghi,DeLonghi
холодильники двухкамерные midea nofrost,холодильники двухкамерные Midea nofrost,Midea,Midea,42,brand_in_query,1.0,1.0,1,1,True,False,False,high,,1.0,NO_BRAND,NO_BRAND
посудомоечные машины delonghi,посудомоечные машины delonghi,NO_BRAND,DeLonghi,65,category_only,1.0,1.0,1,1,True,False,True,special,,1.0,DeLonghi,DeLonghi
телевизор со смартом lg 43,телевизор со смартом lg 43,UNKNOWN,Яндекс,66,ambiguous_clicks,0.49253731343283585,0.9,3,3,False,False,False,special,LG,0.16417910447761197,LG,LG
magsave power bank,Magsave power bank,NO_BRAND,RIVACASE,65,category_only,1.0,1.0,1,1,False,False,True,special,,1.0,UNKNOWN,UNKNOWN
встраиваемый морозильный шкаф zugel zfi17540 nf,Встраиваемый морозильный шкаф ZUGEL ZFI17540NF,UNKNOWN,ZUGEL,66,ood_brand_surface,1.0,0.9,1,1,True,False,False,special,,1.0,NO_BRAND,NO_BRAND
наушники с микрофоном для компьютера,наушники с микрофоном для компьютера,UNKNOWN,Logitech,66,ambiguous_clicks,0.3870967741935484,0.9,4,4,False,False,False,special,TFN,0.09677419354838708,NO_BRAND,NO_BRAND
стиральная машинка на 6 кг,стиральная машинка на 6кг,UNKNOWN,TCL,66,ambiguous_clicks,0.39472560020505226,0.9,6,6,False,False,False,special,Gorenje,0.13157520006835077,NO_BRAND,NO_BRAND
плита настольная индукционная питер маркет индукционная плита настольная черный матовый 2200 вт,"Плита настольная индукционная Питер Маркет Индукционная плита настольная, черный матовый, 2200 ВТ",UNKNOWN,Питер Маркет,66,ood_brand_surface,1.0,0.9,1,1,True,False,False,special,,1.0,NO_BRAND,NO_BRAND
chuwi моноблок,chuwi моноблок,UNKNOWN,Chuwi,66,ood_brand_surface,1.0,0.9,1,1,True,False,False,special,,1.0,NO_BRAND,NO_BRAND
вытяжки кухонные встраиваемая maunfeld с выводом в вентиляциоонный канал,вытяжки кухонные встраиваемая Maunfeld с выводом в вентиляциоонный канал,Maunfeld,Maunfeld,41,brand_in_query,1.0,1.0,1,1,True,False,False,high,,1.0,NO_BRAND,NO_BRAND
паровая система tefal,паровая система tefal,NO_BRAND,Tefal,65,category_only,1.0,1.0,1,1,True,False,True,special,,1.0,Tefal,Tefal
вертикальный пылесос с подсветкой dreame,вертикальный пылесос с подсветкой dreame,Dreame,Dreame,19,brand_in_query,1.0,1.0,1,1,True,False,False,high,,1.0,NO_BRAND,NO_BRAND
телевизор carrera 65,телевизор carrera 65,UNKNOWN,Harper,66,ambiguous_clicks,0.43508204785832255,0.9,3,3,False,False,False,special,Haier,0.06897642222144137,Carrera,Carrera
игра мортал комбат 11,игра мортал комбат 11,UNKNOWN,WB Games,66,ambiguous_clicks,0.4929577464788732,0.9,3,3,False,False,False,special,PlayStation,0.19718309859154923,NO_BRAND,NO_BRAND
умная сверхъяркая лампа sber с адаптивным светом e27 a70 14 вт 1500 лм wifi,Умная сверхъяркая лампа Sber с адаптивным светом E27/A70/14 Вт/1500Лм/WiFi,Sber,Sber,53,brand_in_query,1.0,1.0,1,1,True,False,False,high,,1.0,UNKNOWN,NO_BRAND
панели для мультипекаря redmond,панели для мультипекаря redmond,UNKNOWN,REDMOND,66,ood_brand_surface,1.0,0.9,1,1,True,False,False,special,,1.0,Redmond,Redmond
электрический чайник brayer br1008 bk объем 1 7 л мощность 2200 вт с автоотключением высококачественный пластик,"Электрический чайник BRAYER BR1008BK, Объем 1,7 л, Мощность 2200 Вт, с автоотключением, высококачественный пластик",Brayer,Brayer,11,brand_in_query,1.0,1.0,1,1,True,False,False,high,,1.0,UNKNOWN,UNKNOWN
стиральная машинка beko мотор стандартный,стиральная машинка Beko мотор стандартный,Beko,Beko,8,brand_in_query,1.0,1.0,1,1,True,False,False,high,,1.0,NO_BRAND,NO_BRAND
сушильная машина beko,сушильная машина beko,NO_BRAND,Beko,65,category_only,1.0,1.0,44,1,True,False,True,special,,1.0,Beko,Beko
встраиваемые холодильники liebherr 5603,встраиваемые холодильники liebherr 5603,UNKNOWN,Liebherr,66,ood_brand_surface,1.0,0.9,3,1,True,False,False,special,,1.0,NO_BRAND,NO_BRAND
встраиваемая стиральная машина с сушкой,встраиваемая стиральная машина с сушкой,UNKNOWN,Maunfeld,66,ambiguous_clicks,0.3793103448275862,0.9,3,3,False,False,False,special,HOMSAir,0.0,NO_BRAND,NO_BRAND
смеситель,смеситель,NO_BRAND,Teymi,65,category_only,0.5550647470873464,1.0,19,12,False,False,True,special,Oasis,0.40181228769402433,UNKNOWN,UNKNOWN
очиститель воздуха smartmi air purifier 2 воздухоочиститель для дома,Очиститель воздуха SMARTMI Air Purifier 2 воздухоочиститель для дома,UNKNOWN,Smartmi,66,ood_brand_surface,1.0,0.9,1,1,True,False,False,special,,1.0,NO_BRAND,NO_BRAND
xлебопечка,Хлебопечка,UNKNOWN,Gorenje,66,ambiguous_clicks,0.4262923945599085,0.9,15,8,False,False,False,special,Moulinex,0.22062363034553614,NO_BRAND,NO_BRAND
музыкальная система midi hi ms150,музыкальная система midi hi ms150,Hi,Hi,28,brand_in_query,1.0,1.0,1,1,True,False,False,high,,1.0,NO_BRAND,NO_BRAND
candy cs34 1051,Candy cs34 1051,UNKNOWN,CANDY,66,ood_brand_surface,1.0,0.9,1,1,True,False,False,special,,1.0,Candy,Candy
холодильники evelux,холодильники evelux,UNKNOWN,Evelux,66,ood_brand_surface,1.0,0.9,1,1,True,False,False,special,,1.0,NO_BRAND,NO_BRAND
logitech pro наушники,logitech pro наушники,NO_BRAND,Logitech,65,category_only,1.0,1.0,1,1,True,False,True,special,,1.0,Logitech,Logitech
электросковорода,Электросковорода,UNKNOWN,Galaxy,66,ambiguous_clicks,0.4,0.9,3,3,False,False,False,special,Galaxy LINE,0.0,NO_BRAND,NO_BRAND
станок точильный,станок точильный,UNKNOWN,Oasis,66,ambiguous_clicks,0.48780487804878053,0.9,3,3,False,False,False,special,Elitech,0.09756097560975609,NO_BRAND,NO_BRAND
газовые плиты gorenje дизайнерская,газовые плиты gorenje дизайнерская,Gorenje,Gorenje,23,brand_in_query,1.0,1.0,1,1,True,False,False,high,,1.0,NO_BRAND,NO_BRAND
мойка окон karcher,Мойка окон karcher,NO_BRAND,Karcher,65,category_only,1.0,1.0,1,1,True,False,True,special,,1.0,Karcher,Karcher
встраиваемая микроволновая midea,встраиваемая микроволновая midea,NO_BRAND,Midea,65,category_only,1.0,1.0,1,1,True,False,True,special,,1.0,Midea,Midea
варочная газовая поверхность на 4,варочная газовая поверхность на 4,UNKNOWN,Zigmund & Shtain,66,ambiguous_clicks,0.3319083849713703,0.9,5,5,False,False,False,special,HOMSAir,0.05531806416189508,NO_BRAND,NO_BRAND
libhof пылесос,libhof пылесос,UNKNOWN,Libhof,66,ood_brand_surface,1.0,0.9,1,1,True,False,False,special,,1.0,NO_BRAND,NO_BRAND
шуроповерт,Шуроповерт,UNKNOWN,Metabo,66,ambiguous_clicks,0.41542739358390857,0.9,6,6,False,False,False,special,Bort,0.16617095743356342,NO_BRAND,NO_BRAND
фен щетка braun,Фен щетка braun,NO_BRAND,Braun,65,category_only,1.0,1.0,1,1,True,False,True,special,,1.0,Braun,NO_BRAND
apple ноутбук neo,apple ноутбук neo,NO_BRAND,Apple,65,category_only,1.0,1.0,1,1,True,False,True,special,,1.0,Apple,Apple
цифровые зеркальные фотоаппараты canon,цифровые зеркальные фотоаппараты canon,Canon,Canon,13,brand_in_query,1.0,1.0,1,1,True,False,False,high,,1.0,NO_BRAND,NO_BRAND
робот пылесос hobot legee q10 pro,робот пылесос hobot legee q10 pro,UNKNOWN,Hobot,66,ood_brand_surface,1.0,0.9,1,1,True,False,False,special,,1.0,NO_BRAND,NO_BRAND
вентилятор напольный centek ct-5026 диаметр 43 см 3 скорости мощность 55 вт устойчивая платформа черный,"Вентилятор напольный Centek CT-5026 диаметр 43см, 3 скорости, мощность 55Вт, устойчивая платформа, чёрный",Centek,Centek,15,brand_in_query,1.0,1.0,1,1,True,False,False,high,,1.0,NO_BRAND,NO_BRAND
сплит система candy,сплит система candy,NO_BRAND,Candy,65,category_only,1.0,1.0,2,1,True,False,True,special,,1.0,Candy,Candy
сушильная машина hisense,сушильная машина hisense,NO_BRAND,Hisense,65,category_only,1.0,1.0,35,1,True,False,True,special,,1.0,Hisense,Hisense
вытяжки полностью встраиваемые kuppersberg,вытяжки полностью встраиваемые kuppersberg,NO_BRAND,Kuppersberg,65,category_only,1.0,1.0,3,1,True,False,True,special,,1.0,Kuppersberg,Kuppersberg
карта памяти kingston,карта памяти kingston,NO_BRAND,Kingston,65,category_only,1.0,1.0,3,1,True,False,True,special,,1.0,Kingston,Kingston
холодильник перенавешиваемые двери centek,холодильник Перенавешиваемые двери centek,Centek,Centek,15,brand_in_query,1.0,1.0,1,1,True,False,False,high,,1.0,NO_BRAND,NO_BRAND
зарядка tfn,зарядка  TFN,UNKNOWN,TFN,66,ood_brand_surface,1.0,0.9,1,1,True,False,False,special,,1.0,NO_BRAND,NO_BRAND
внешний аккумулятор baseus,внешний аккумулятор baseus,NO_BRAND,Baseus,65,category_only,1.0,1.0,51,1,True,False,True,special,,1.0,Baseus,Baseus
умная камера яндекс,умная камера яндекс,NO_BRAND,Яндекс,65,category_only,1.0,1.0,2,1,True,False,True,special,,1.0,Яндекс,Яндекс
вытяжки кухонные телескопическая встраиваемая 60,вытяжки кухонные телескопическая встраиваемая 60,UNKNOWN,Haier,66,ambiguous_clicks,0.43947435420379544,0.9,13,8,False,False,False,special,Krona,0.2612561446113472,NO_BRAND,NO_BRAND
встраиваемый холодильник candy,встраиваемый холодильник candy,NO_BRAND,Candy,65,category_only,1.0,1.0,1,1,True,False,True,special,,1.0,Candy,Candy
антенна рэмо,антенна рэмо,UNKNOWN,Рэмо,66,ood_brand_surface,1.0,0.9,3,1,True,False,False,special,,1.0,NO_BRAND,NO_BRAND
инверторные сплит,инверторные сплит,UNKNOWN,HISENSE,66,ambiguous_clicks,0.37677685134778055,0.9,5,5,False,False,False,special,LG,0.053825264478254364,NO_BRAND,NO_BRAND
магнитный повербанк,магнитный повербанк,UNKNOWN,Baseus,66,ambiguous_clicks,0.4705882352941177,0.9,3,3,False,False,False,special,Deppa,0.1176470588235294,NO_BRAND,NO_BRAND
pitaka power bank,pitaka power bank,NO_BRAND,Magssory,65,category_only,1.0,1.0,1,1,False,False,True,special,,1.0,UNKNOWN,UNKNOWN
стиральная машона smeg,Стиральная машона smeg,UNKNOWN,Smeg,66,ood_brand_surface,1.0,0.9,1,1,True,False,False,special,,1.0,NO_BRAND,NO_BRAND
миксер ручной gorenje,миксер ручной gorenje,NO_BRAND,Gorenje,65,category_only,1.0,1.0,1,1,True,False,True,special,,1.0,Gorenje,Gorenje
комбинированная плита gorenje,комбинированная плита gorenje,NO_BRAND,Gorenje,65,category_only,0.9866349272153472,1.0,7,2,True,False,True,special,Gefest,0.9732698544306945,Gorenje,Gorenje
турка электрическая redmond,турка электрическая redmond,NO_BRAND,Kitfort,65,category_only,1.0,1.0,1,1,False,False,True,special,,1.0,Redmond,Redmond
посудомоечная машина electrolux edm23101 l,Посудомоечная машина Electrolux EDM23101L,UNKNOWN,ELECTROLUX,66,ood_brand_surface,1.0,0.9,1,1,True,False,False,special,,1.0,Electrolux,Electrolux
холодильники двухкамерные hi no frost,холодильники двухкамерные hi no frost,Hi,Hi,28,brand_in_query,1.0,1.0,1,1,True,False,False,high,,1.0,NO_BRAND,NO_BRAND
кондиционер настенный сплит система electrolux,кондиционер настенный сплит система electrolux,Electrolux,Electrolux,21,brand_in_query,1.0,1.0,1,1,True,False,False,high,,1.0,NO_BRAND,NO_BRAND
велосипеды,велосипеды,UNKNOWN,Minako,66,ambiguous_clicks,0.4854085144500495,0.9,4,4,False,False,False,special,Foxx,0.18202819291876857,NO_BRAND,NO_BRAND
торшер,торшер,NO_BRAND,Moderli,65,category_only,0.7192008879023307,1.0,4,3,False,False,True,special,ARTSTYLE,0.4894561598224196,UNKNOWN,UNKNOWN
игровые наушники беспроводные с микрофоном для компьютера,игровые наушники беспроводные с микрофоном для компьютера,UNKNOWN,A4Tech,66,ambiguous_clicks,0.4216867469879518,0.9,3,3,False,False,False,special,Logitech,0.0,NO_BRAND,NO_BRAND
утюг с автоотключением,утюг с автоотключением,NO_BRAND,Polaris,65,category_only,0.41275920645456543,1.0,15,7,False,False,True,special,Tefal,0.01617846021726241,UNKNOWN,UNKNOWN
стиральные машины bosch,стиральные машины bosch,NO_BRAND,Bosch,65,category_only,1.0,1.0,2,1,True,False,True,special,,1.0,Bosch,Bosch
набор ножей taller,набор ножей taller,NO_BRAND,TalleR,65,category_only,1.0,1.0,1,1,True,False,True,special,,1.0,TalleR,TalleR
электрическая панель bosch,Электрическая панель bosch,NO_BRAND,Bosch,65,category_only,1.0,1.0,1,1,True,False,True,special,,1.0,Bosch,Bosch
вытяжки кухонные bosch,вытяжки кухонные bosch,NO_BRAND,Bosch,65,category_only,1.0,1.0,3,1,True,False,True,special,,1.0,Bosch,NO_BRAND
сумка холодильник ez,сумка холодильник EZ,UNKNOWN,EZ,66,ood_brand_surface,1.0,0.9,1,1,True,False,False,special,,1.0,NO_BRAND,NO_BRAND
варочная панель индукционная bosch,варочная панель индукционная bosch,NO_BRAND,Bosch,65,category_only,1.0,1.0,7,1,True,False,True,special,,1.0,Bosch,NO_BRAND
экшн камера sjcam sj8 pro,экшн камера SJCAM SJ8 Pro,UNKNOWN,SJCAM,66,ood_brand_surface,1.0,0.9,1,1,True,False,False,special,,1.0,NO_BRAND,NO_BRAND
кронштейн для телевизора hi,Кронштейн для телевизора hi,Hi,Hi,28,brand_in_query,1.0,1.0,1,1,True,False,False,high,,1.0,UNKNOWN,UNKNOWN
кофеварка melitta,Кофеварка Melitta,UNKNOWN,Melitta,66,ood_brand_surface,1.0,0.9,1,1,True,False,False,special,,1.0,NO_BRAND,NO_BRAND
gefest 2231 к3,Gefest 2231 К3,UNKNOWN,GEFEST,66,ood_brand_surface,1.0,0.9,1,1,True,False,False,special,,1.0,Gefest,Gefest
встроенный духовой шкаф электрический electrolux,встроенный духовой шкаф электрический electrolux,Electrolux,Electrolux,21,brand_in_query,1.0,1.0,1,1,True,False,False,high,,1.0,NO_BRAND,NO_BRAND
холодильники и морозильные камеры мини,холодильники и морозильные камеры мини,UNKNOWN,Hi,66,ambiguous_clicks,0.40345161517889777,0.9,5,5,False,False,False,special,Snowcap,0.07335483912343593,NO_BRAND,NO_BRAND
циркулярная пила,циркулярная пила,UNKNOWN,Oasis,66,ambiguous_clicks,0.4122282607386145,0.9,32,13,False,False,False,special,ИНТЕРСКОЛ,0.14090465003043723,NO_BRAND,NO_BRAND
мобильный кондиционер напольный hisense серии с ap-12cw4gqcs00,"Мобильный кондиционер напольный Hisense серии С, AP-12CW4GQCS00",Hisense,Hisense,29,brand_in_query,1.0,1.0,1,1,True,False,False,high,,1.0,NO_BRAND,NO_BRAND
блендер cadena,Блендер cadena,UNKNOWN,Cadena,66,ood_brand_surface,1.0,0.9,1,1,True,False,False,special,,1.0,NO_BRAND,NO_BRAND
smart to телевизор,Smart to телевизор,NO_BRAND,Sber,65,category_only,1.0,1.0,1,1,False,False,True,special,,1.0,UNKNOWN,UNKNOWN
автосигнализация,автосигнализация,NO_BRAND,StarLine,65,category_only,0.5581273014203051,1.0,7,2,False,False,True,special,Tomahawk,0.11625460284061019,UNKNOWN,UNKNOWN
наушники с костной проводимостью,наушники с костной проводимостью,UNKNOWN,Suunto,66,ambiguous_clicks,0.2875323649449248,0.9,6,5,False,False,False,special,Mojawa,0.017202791065080988,NO_BRAND,NO_BRAND
паровой утюг philips,паровой утюг philips,NO_BRAND,Philips,65,category_only,0.940698905753618,1.0,5,2,True,False,True,special,Centek,0.8813978115072361,Philips,Philips
рация,рация,NO_BRAND,DECROSS,65,category_only,0.53273836626901,1.0,12,5,False,False,True,special,TYT,0.2930061014479555,UNKNOWN,UNKNOWN
polaroid,polaroid,UNKNOWN,Polaroid,66,ood_brand_surface,1.0,0.9,2,1,True,False,False,special,,1.0,Polaris,Polaris
midea стиральная машина,Midea стиральная машина,NO_BRAND,Midea,65,category_only,1.0,1.0,1,1,True,False,True,special,,1.0,Midea,Midea
духовой шкаф indesit,Духовой шкаф indesit,NO_BRAND,Indesit,65,category_only,0.9025522041763341,1.0,6,2,True,False,True,special,INDESIT,0.8051044083526682,Indesit,Indesit
холодтльник,холодтльник,UNKNOWN,Kraft,66,ambiguous_clicks,0.4341481211236775,0.9,5,5,False,False,False,special,Стинол,0.21707406056183876,NO_BRAND,NO_BRAND
встраиваемые индукционные панели delonghi,встраиваемые индукционные панели delonghi,DeLonghi,DeLonghi,17,brand_in_query,1.0,1.0,1,1,True,False,False,high,,1.0,NO_BRAND,NO_BRAND
пылесос miele,пылесос miele,UNKNOWN,Miele,66,ood_brand_surface,1.0,0.9,9,1,True,False,False,special,,1.0,NO_BRAND,NO_BRAND
отпариватель nemo,Отпариватель nemo,UNKNOWN,Nemo,66,ood_brand_surface,1.0,0.9,1,1,True,False,False,special,,1.0,NO_BRAND,NO_BRAND
пылесос ручной redmond,Пылесос ручной redmond,NO_BRAND,Redmond,65,category_only,1.0,1.0,1,1,True,False,True,special,,1.0,Redmond,NO_BRAND
кресло компьютерное бюрократ ch-1300 n,кресло компьютерное бюрократ ch-1300n,UNKNOWN,Бюрократ,66,ood_brand_surface,1.0,0.9,1,1,True,False,False,special,,1.0,NO_BRAND,NO_BRAND
аминосил,аминосил,UNKNOWN,Аминосил,66,ood_brand_surface,1.0,0.9,1,1,True,False,False,special,,1.0,NO_BRAND,NO_BRAND
тестомес,тестомес,NO_BRAND,RAGEX,65,category_only,0.5661157024793388,1.0,6,3,False,False,True,special,Malajess,0.3181818181818182,UNKNOWN,UNKNOWN
беспроводной ручной вертикальный пылесос dreame,беспроводной ручной вертикальный пылесос dreame,Dreame,Dreame,19,brand_in_query,1.0,1.0,3,1,True,False,False,high,,1.0,NO_BRAND,NO_BRAND
philips напольный пылесос powerpro expert fc9733 01 синий уцененный товар,"Philips Напольный пылесос PowerPro Expert FC9733/01, синий, Уцененный товар",Philips,Philips,46,brand_in_query,1.0,1.0,1,1,True,False,False,high,,1.0,NO_BRAND,NO_BRAND
шуруповерт dewalt,шуруповерт dewalt,UNKNOWN,DeWalt,66,ood_brand_surface,1.0,0.9,2,1,True,False,False,special,,1.0,NO_BRAND,NO_BRAND
встраиваемая индукционная плита gorenje,встраиваемая индукционная плита gorenje,NO_BRAND,Gorenje,65,category_only,1.0,1.0,2,1,True,False,True,special,,1.0,Gorenje,Gorenje
клавиатура logitech pro,клавиатура logitech pro,NO_BRAND,Logitech,65,category_only,1.0,1.0,1,1,True,False,True,special,,1.0,Logitech,Logitech
подписка литрес,подписка литрес,UNKNOWN,ЛитРес,66,ood_brand_surface,1.0,0.9,3,1,True,False,False,special,,1.0,NO_BRAND,NO_BRAND
стиральная машина carrera,стиральная машина carrera,NO_BRAND,Carrera,65,category_only,1.0,1.0,10,1,True,False,True,special,,1.0,Carrera,Carrera
батарейки,батарейки,NO_BRAND,GP,65,category_only,0.31549413571080737,1.0,47,15,False,False,True,special,Carrera,0.15336607462182517,UNKNOWN,UNKNOWN
восстановленный ноутбук apple,восстановленный ноутбук apple,NO_BRAND,Apple,65,category_only,1.0,1.0,1,1,True,False,True,special,,1.0,Apple,Apple
кухонная машина bosch,кухонная машина bosch,NO_BRAND,Bosch,65,category_only,1.0,1.0,2,1,True,False,True,special,,1.0,Bosch,NO_BRAND
холодильники двухкамерные no frost beko,холодильники двухкамерные no frost beko,Beko,Beko,8,brand_in_query,1.0,1.0,7,1,True,False,False,high,,1.0,NO_BRAND,NO_BRAND
kuppersbusch,kuppersbusch,UNKNOWN,Kuppersbusch,66,ood_brand_surface,1.0,0.9,11,1,True,False,False,special,,1.0,Kuppersberg,Kuppersberg
паровая швабра tefal,паровая швабра tefal,NO_BRAND,Tefal,65,category_only,1.0,1.0,3,1,True,False,True,special,,1.0,Tefal,Tefal
bosch миксер ручной,Bosch миксер ручной,NO_BRAND,Bosch,65,category_only,1.0,1.0,1,1,True,False,True,special,,1.0,Bosch,NO_BRAND
электрическая плита gorenje,Электрическая плита Gorenje,NO_BRAND,Gorenje,65,category_only,1.0,1.0,1,1,True,False,True,special,,1.0,Gorenje,Gorenje
телефоны мобильные сенсорные redmi,телефоны мобильные сенсорные redmi,Xiaomi,Redmi,62,alias_hint,1.0,1.0,1,1,True,True,False,high,,1.0,NO_BRAND,NO_BRAND
вытяжки кухонные встраиваемаяhaier,вытяжки кухонные встраиваемаяhaier,NO_BRAND,Haier,65,category_only,1.0,1.0,1,1,False,False,True,special,,1.0,Haier,Haier
сушильная машина delonghi,сушильная машина delonghi,NO_BRAND,DeLonghi,65,category_only,1.0,1.0,1,1,True,False,True,special,,1.0,DeLonghi,DeLonghi
моющий пылесос tefal,моющий пылесос tefal,NO_BRAND,Tefal,65,category_only,1.0,1.0,11,1,True,False,True,special,,1.0,Tefal,Tefal
варочная панель gefest,варочная панель gefest,NO_BRAND,Gefest,65,category_only,1.0,1.0,1,1,True,False,True,special,,1.0,Gefest,Gefest
сушильная машина electrolux,сушильная машина electrolux,NO_BRAND,Electrolux,65,category_only,1.0,1.0,2,1,True,False,True,special,,1.0,Electrolux,Electrolux
акконд,Акконд,UNKNOWN,АККОНД,66,ood_brand_surface,1.0,0.9,1,1,True,False,False,special,,1.0,NO_BRAND,NO_BRAND
холодильник pozis,холодильник pozis,UNKNOWN,Pozis,66,ood_brand_surface,1.0,0.9,2,1,True,False,False,special,,1.0,NO_BRAND,NO_BRAND
magsafe power bank,magsafe power bank,NO_BRAND,Baseus,65,category_only,0.4938271604938271,1.0,4,3,False,False,True,special,Deppa,0.1975308641975308,UNKNOWN,UNKNOWN
пылесос моющий dreame,Пылесос моющий dreame,NO_BRAND,Dreame,65,category_only,1.0,1.0,2,1,True,False,True,special,,1.0,Dreame,Dreame
вытяжки кухонные плоская 50 см,вытяжки кухонные плоская 50 см,UNKNOWN,Krona,66,ambiguous_clicks,0.45454545454545453,0.9,3,3,False,False,False,special,Evelux,0.09090909090909088,NO_BRAND,NO_BRAND
стиральная машина electrolux,стиральная машина electrolux,NO_BRAND,Electrolux,65,category_only,1.0,1.0,3,1,True,False,True,special,,1.0,Electrolux,Electrolux
фотоаппарат kodak,фотоаппарат kodak,UNKNOWN,Kodak,66,ood_brand_surface,1.0,0.9,1,1,True,False,False,special,,1.0,NO_BRAND,NO_BRAND
вытяжка наклонная maunfeld sky star chef 60 см цвет белый,Вытяжка наклонная Maunfeld Sky Star Chef 60 см цвет белый,Maunfeld,Maunfeld,41,brand_in_query,1.0,1.0,1,1,True,False,False,high,,1.0,UNKNOWN,UNKNOWN
anker зарядный блок,Anker зарядный блок,UNKNOWN,Anker,66,ood_brand_surface,1.0,0.9,1,1,True,False,False,special,,1.0,NO_BRAND,NO_BRAND
беспроводное зарядное устройство ubear,Беспроводное зарядное устройство ubear,UNKNOWN,uBear,66,ood_brand_surface,1.0,0.9,1,1,True,False,False,special,,1.0,NO_BRAND,NO_BRAND
варочная панель индукционная midea,варочная панель индукционная midea,NO_BRAND,Midea,65,category_only,1.0,1.0,6,1,True,False,True,special,,1.0,Midea,NO_BRAND
пылесос вертикальный моющий atvel f16 ultimate plus,Пылесос вертикальный моющий Atvel F16 Ultimate Plus,Atvel,Atvel,4,brand_in_query,1.0,1.0,1,1,True,False,False,high,,1.0,NO_BRAND,NO_BRAND
мини печь centek,мини печь centek,NO_BRAND,Centek,65,category_only,1.0,1.0,1,1,True,False,True,special,,1.0,Centek,Centek
beko стиральная машина,beko стиральная машина,NO_BRAND,Beko,65,category_only,1.0,1.0,2,1,True,False,True,special,,1.0,Beko,Beko
варочная панель газовая homsair hgg323 gcbk,Варочная панель газовая HOMSAir HGG323GCBK,UNKNOWN,HOMSAir,66,ood_brand_surface,1.0,0.9,1,1,True,False,False,special,,1.0,NO_BRAND,NO_BRAND
встраиваемая варочная панель газовая gefest,встраиваемая варочная панель газовая gefest,Gefest,Gefest,22,brand_in_query,1.0,1.0,1,1,True,False,False,high,,1.0,NO_BRAND,NO_BRAND
варочная панель электрическая bosch на 4 рамочная произаодство германич,Варочная панель электрическая bosch на 4 рамочная произаодство Германич,Bosch,Bosch,9,brand_in_query,1.0,1.0,1,1,True,False,False,high,,1.0,NO_BRAND,NO_BRAND
машинки для стрижки волос vgr,машинки для стрижки волос vgr,UNKNOWN,VGR,66,ood_brand_surface,0.6774193548387097,0.9,2,2,True,False,False,special,VGR Professional,0.35483870967741943,NO_BRAND,NO_BRAND
кресло садовое bigarden,кресло садовое bigarden,UNKNOWN,BiGarden,66,ood_brand_surface,1.0,0.9,1,1,True,False,False,special,,1.0,NO_BRAND,NO_BRAND
встраиваемая варочная газовая панель на 3,встраиваемая варочная газовая панель на 3,UNKNOWN,Gefest,66,ambiguous_clicks,0.3258467812259971,0.9,12,9,False,False,False,special,Gressel,0.13916372948193625,NO_BRAND,NO_BRAND
электрические чайники gorenje,электрические чайники gorenje,NO_BRAND,Gorenje,65,category_only,1.0,1.0,6,1,True,False,True,special,,1.0,Gorenje,Gorenje
блендер стационарный philips,блендер стационарный philips,NO_BRAND,PHILIPS,65,category_only,1.0,1.0,1,1,True,False,True,special,,1.0,Philips,NO_BRAND
холодильники двухкамерные no frost lg,холодильники двухкамерные no frost lg,LG,LG,38,brand_in_query,1.0,1.0,14,1,True,False,False,high,,1.0,NO_BRAND,NO_BRAND
авто холодильник,авто холодильник,UNKNOWN,Harper,66,ambiguous_clicks,0.47019966411643965,0.9,6,3,False,False,False,special,Coolfort,0.023847732785967572,NO_BRAND,NO_BRAND
дипилятор,дипилятор,UNKNOWN,Timberk,66,ambiguous_clicks,0.4631578947368421,0.9,3,3,False,False,False,special,Rowenta,0.11578947368421053,NO_BRAND,NO_BRAND
микроволновая печь bosch,микроволновая печь bosch,NO_BRAND,Bosch,65,category_only,1.0,1.0,3,1,True,False,True,special,,1.0,Bosch,Bosch
измельчитель moulinex dj905832 fresh express cube светло-черный золотистый,Измельчитель Moulinex DJ905832 Fresh Express Cube светло-черный/золотистый,Moulinex,Moulinex,43,brand_in_query,1.0,1.0,1,1,True,False,False,high,,1.0,UNKNOWN,UNKNOWN
система виртуальной реальности playstation vr 2 белый,Система виртуальной реальности PlayStation VR 2 белый,PlayStation,PlayStation,47,brand_in_query,1.0,1.0,1,1,True,False,False,high,,1.0,UNKNOWN,UNKNOWN
беспроводная bluetooth колонка jbl charge6 портативная музыкальная колонка для улицы серия настольная водонепроницаемая,"Беспроводная Bluetooth колонка JBL Charge6, портативная музыкальная колонка для улицы, серия, настольная, водонепроницаемая",JBL,JBL,32,brand_in_query,1.0,1.0,1,1,True,False,False,high,,1.0,NO_BRAND,NO_BRAND
игровые проводные клавиатуры acer,игровые проводные клавиатуры Acer,UNKNOWN,Acer,66,ood_brand_surface,1.0,0.9,1,1,True,True,False,special,,1.0,NO_BRAND,NO_BRAND
